CAM src 20.7104416 3.05759621 -59.807045 persp 1728.00012 1296.00012 cntr 960 540 res 1920 1080 fov 58.1092072
CAMMAT0 0.451938331 0 0.892049134
CAMMAT1 -0.224751636 0.967740178 0.113865793
CAMMAT2 -0.863271892 -0.251949847 0.437358946
MATINFO rooms::mirUV hm hm8 size 1024 1024 block 2 2 useMip 2 amp 0.300000012 mipflag 2 mipMean 0.54713799
MATINFO rooms hm hm8 size 1024 1024 block 2 2 useMip 2 amp 0.300000012 mipflag 2 mipMean 0.54713799
MATINFO floor::mirUV hm hm8 size 1024 1024 block 2 2 useMip 2 amp 0.300000012 mipflag 2 mipMean 0.340477738
FACE __mirrorClone_P_TEXT.JPG#12 rooms::mirUV -3.7030499 8.27014446 -106.524406 2.46869993 7.46781731 -107.141586 -2.46869993 7.46781731 -107.141586 -3.10018754 0.664580047 -2.07156253 0.79830122 -2.89446259 0.79830122 -1.07912596e-10 -0.609710991 0.792623758
FACE __mirrorClone_P_TEXT.JPG#12 rooms::mirUV 3.7030499 8.27014446 -106.524406 2.46869993 4.99911785 -107.141586 2.46869993 7.46781731 -107.141586 -1.86583757 0.664580047 -2.07156253 1.20975113 -2.07156253 0.79830122 -0.44721368 6.37823072e-10 0.894427121
FACE __mirrorClone_P_TEXT.JPG#12 rooms 2.46869993 7.46781731 -109.610283 3.67337584 4.99911785 -115.612808 2.46869993 7.46781731 -115.782036 6.00314331 0.79830122 7.0035634 1.20975113 7.03176832 0.79830122 -0.898706436 -0.43855074 0
FACE __mirrorClone_P_TEXT.JPG#12 rooms 3.67337584 4.99911785 -109.439201 3.67337584 4.99911785 -115.612808 2.46869993 7.46781731 -109.610283 5.97462988 1.20975113 7.0035634 1.20975113 6.00314331 0.79830122 -0.898706436 -0.43855074 0
FACE __mirrorClone_P_TEXT.JPG#12 rooms 3.67337584 4.99911785 -109.439201 2.46869993 7.46781731 -107.141586 2.46869993 4.99911785 -107.141586 5.97462988 1.20975113 5.5916934 0.79830122 5.5916934 1.20975113 -0.885647476 1.65269096e-08 -0.4643583
FACE __mirrorClone_P_TEXT.JPG#12 rooms 2.46869993 7.46781731 -107.141586 3.67337584 4.99911785 -109.439201 2.46869993 7.46781731 -109.610283 5.5916934 0.79830122 5.97462988 1.20975113 6.00314331 0.79830122 -0.898706436 -0.43855074 0
FACE __mirrorClone_P_TEXT.JPG#12 rooms 3.67337584 4.99911785 -115.612808 2.46869993 5.49285793 -117.016388 2.46869993 7.46781731 -115.782036 7.0035634 1.20975113 7.23749352 1.12746119 7.03176832 0.79830122 -0.769588828 -0.338425457 0.541480601
FACE __mirrorClone_P_TEXT.JPG#12 rooms 2.46869993 5.49285793 -117.016388 3.67337584 4.99911785 -115.612808 2.46869993 4.99911785 -117.016388 7.23749352 1.12746119 7.0035634 1.20975113 7.23749352 1.20975113 -0.758826911 0 0.651292443
FACE __mirrorClone_P_TEXT.JPG#12 rooms::mirUV -2.46869993 4.99911785 -107.141586 -3.7030499 8.27014446 -106.524406 -2.46869993 7.46781731 -107.141586 -2.89446259 1.20975113 -3.10018754 0.664580047 -2.89446259 0.79830122 0.44721368 0 0.89442718
FACE __mirrorClone_P_TEXT.JPG#12 rooms::mirUV -2.46869993 7.46781731 -107.141586 -3.67337584 4.99911785 -109.439201 -2.46869993 4.99911785 -107.141586 5.5916934 0.79830122 5.97462988 1.20975113 5.5916934 1.20975113 0.885647476 0 -0.4643583
FACE __mirrorClone_P_TEXT.JPG#12 rooms::mirUV -3.67337584 4.99911785 -109.439201 -2.46869993 7.46781731 -107.141586 -2.46869993 7.46781731 -109.610283 5.97462988 1.20975113 5.5916934 0.79830122 6.00314331 0.79830122 0.898706436 -0.4385508 0
FACE __mirrorClone_P_TEXT.JPG#12 rooms::mirUV -2.46869993 7.46781731 -109.610283 -3.67337584 4.99911785 -115.612808 -3.67337584 4.99911785 -109.439201 6.00314331 0.79830122 7.0035634 1.20975113 5.97462988 1.20975113 0.898706377 -0.43855074 0
FACE __mirrorClone_P_TEXT.JPG#12 rooms::mirUV -2.46869993 7.46781731 -115.782036 -3.67337584 4.99911785 -115.612808 -2.46869993 7.46781731 -109.610283 7.03176832 0.79830122 7.0035634 1.20975113 6.00314331 0.79830122 0.898706436 -0.43855074 0
FACE __mirrorClone_P_TEXT.JPG#12 rooms::mirUV -2.46869993 5.49285793 -117.016388 -3.67337584 4.99911785 -115.612808 -2.46869993 7.46781731 -115.782036 7.23749352 1.12746119 7.0035634 1.20975113 7.03176832 0.79830122 0.769588828 -0.338425457 0.541480601
FACE __mirrorClone_P_TEXT.JPG#12 rooms::mirUV -2.46869993 4.99911785 -117.016388 -3.67337584 4.99911785 -115.612808 -2.46869993 5.49285793 -117.016388 7.23749352 1.20975113 7.0035634 1.20975113 7.23749352 1.12746119 0.758826911 0 0.651292443
FACE __mirrorClone_P_TEXT.JPG#12 rooms::mirUV 2.46869993 4.99911785 -117.016388 -2.46869993 5.49285793 -117.016388 2.46869993 5.49285793 -117.016388 -2.07156253 1.20975113 -2.89446259 1.12746119 -2.07156253 1.12746119 0 0 1
FACE __mirrorClone_P_TEXT.JPG#12 rooms::mirUV -2.46869993 5.49285793 -117.016388 2.46869993 4.99911785 -117.016388 -2.46869993 4.99911785 -117.016388 -2.89446259 1.12746119 -2.07156253 1.20975113 -2.89446259 1.20975113 0 0 1
FACE __mirrorClone_P_TEXT.JPG#12 rooms::mirUV -2.46869993 7.46781731 -115.782036 2.46869993 5.49285793 -117.016388 -2.46869993 5.49285793 -117.016388 -2.89446259 0.79830122 -2.07156253 1.12746119 -2.89446259 1.12746119 -6.39086117e-09 -0.529999018 0.847998202
FACE __mirrorClone_P_TEXT.JPG#12 rooms::mirUV 2.46869993 5.49285793 -117.016388 -2.46869993 7.46781731 -115.782036 2.46869993 7.46781731 -115.782036 -2.07156253 1.12746119 -2.89446259 0.79830122 -2.07156253 0.79830122 -6.39086117e-09 -0.529999018 0.847998202
FACE __mirrorClone_P_TEXT.JPG#12 rooms::mirUV 2.46869993 4.99911785 -107.141586 3.7030499 0 -106.524406 2.46869993 2.53041744 -107.141586 -2.07156253 1.20975113 -1.86583757 2.04293728 -2.07156253 1.62120116 -0.44721368 0 0.89442718
FACE __mirrorClone_P_TEXT.JPG#12 rooms 3.67337584 4.99911785 -109.439201 3.67337584 2.53041744 -115.612808 3.67337584 4.99911785 -115.612808 5.97462988 1.20975113 7.0035634 1.62120116 7.0035634 1.20975113 -1 0 0
FACE __mirrorClone_P_TEXT.JPG#12 rooms 3.67337584 2.53041744 -115.612808 3.67337584 4.99911785 -109.439201 3.67337584 2.53041744 -109.439201 7.0035634 1.62120116 5.97462988 1.20975113 5.97462988 1.62120116 -1 0 0
FACE __mirrorClone_P_TEXT.JPG#12 rooms 3.67337584 2.53041744 -109.439201 2.46869993 4.99911785 -107.141586 2.46869993 2.53041744 -107.141586 5.97462988 1.62120116 5.5916934 1.20975113 5.5916934 1.62120116 -0.885647476 1.65269007e-08 -0.46435827
FACE __mirrorClone_P_TEXT.JPG#12 rooms 2.46869993 4.99911785 -107.141586 3.67337584 2.53041744 -109.439201 3.67337584 4.99911785 -109.439201 5.5916934 1.20975113 5.97462988 1.62120116 5.97462988 1.20975113 -0.885647476 1.65269007e-08 -0.46435827
FACE __mirrorClone_P_TEXT.JPG#12 rooms 2.46869993 4.99911785 -117.016388 3.67337584 2.53041744 -115.612808 2.46869993 2.53041744 -117.016388 7.23749352 1.20975113 7.0035634 1.62120116 7.23749352 1.62120116 -0.758826852 0 0.651292384
FACE __mirrorClone_P_TEXT.JPG#12 rooms 3.67337584 2.53041744 -115.612808 2.46869993 4.99911785 -117.016388 3.67337584 4.99911785 -115.612808 7.0035634 1.62120116 7.23749352 1.20975113 7.0035634 1.20975113 -0.758826852 0 0.651292384
FACE __mirrorClone_P_TEXT.JPG#12 rooms::mirUV -2.46869993 2.53041744 -107.141586 -3.7030499 0 -106.524406 -2.46869993 4.99911785 -107.141586 -2.89446259 1.62120116 -3.10018754 2.04293728 -2.89446259 1.20975113 0.44721368 0 0.89442718
FACE __mirrorClone_P_TEXT.JPG#12 rooms::mirUV -3.67337584 2.53041744 -115.612808 -3.67337584 4.99911785 -109.439201 -3.67337584 4.99911785 -115.612808 7.0035634 1.62120116 5.97462988 1.20975113 7.0035634 1.20975113 1 0 0
FACE __mirrorClone_P_TEXT.JPG#12 rooms::mirUV -3.67337584 4.99911785 -109.439201 -3.67337584 2.53041744 -115.612808 -3.67337584 2.53041744 -109.439201 5.97462988 1.20975113 7.0035634 1.62120116 5.97462988 1.62120116 1 0 0
FACE __mirrorClone_P_TEXT.JPG#12 rooms::mirUV -3.67337584 4.99911785 -109.439201 -2.46869993 2.53041744 -107.141586 -2.46869993 4.99911785 -107.141586 5.97462988 1.20975113 5.5916934 1.62120116 5.5916934 1.20975113 0.885647476 -1.65269007e-08 -0.46435827
FACE __mirrorClone_P_TEXT.JPG#12 rooms::mirUV -2.46869993 2.53041744 -107.141586 -3.67337584 4.99911785 -109.439201 -3.67337584 2.53041744 -109.439201 5.5916934 1.62120116 5.97462988 1.20975113 5.97462988 1.62120116 0.885647476 -1.65269007e-08 -0.46435827
FACE __mirrorClone_P_TEXT.JPG#12 rooms::mirUV -3.67337584 4.99911785 -115.612808 -2.46869993 2.53041744 -117.016388 -3.67337584 2.53041744 -115.612808 7.0035634 1.20975113 7.23749352 1.62120116 7.0035634 1.62120116 0.758826852 0 0.651292384
FACE __mirrorClone_P_TEXT.JPG#12 rooms::mirUV -2.46869993 2.53041744 -117.016388 -3.67337584 4.99911785 -115.612808 -2.46869993 4.99911785 -117.016388 7.23749352 1.62120116 7.0035634 1.20975113 7.23749352 1.20975113 0.758826852 0 0.651292384
FACE __mirrorClone_P_TEXT.JPG#12 rooms::mirUV 2.46869993 2.53041744 -107.141586 3.7030499 0 -106.524406 2.46869993 3.67864983e-09 -107.141586 -2.07156253 1.62120116 -1.86583757 2.04293728 -2.07156253 2.04293728 -0.44721362 0 0.894427121
FACE __mirrorClone_P_TEXT.JPG#12 rooms 2.46869993 3.67864983e-09 -107.141586 3.67337584 2.53041744 -109.439201 2.46869993 2.53041744 -107.141586 5.5916934 2.04293728 5.97462988 1.62120116 5.5916934 1.62120116 -0.885647416 0 -0.464358211
FACE __mirrorClone_P_TEXT.JPG#12 rooms 3.67337584 2.53041744 -109.439201 2.46869993 3.67864983e-09 -107.141586 2.46869993 3.67864983e-09 -109.610283 5.97462988 1.62120116 5.5916934 2.04293728 6.00314331 2.04293728 -0.902899921 0.429850757 0
FACE __mirrorClone_P_TEXT.JPG#12 rooms 3.67337584 2.53041744 -115.612808 2.46869993 3.67864983e-09 -109.610283 2.46869993 3.67864983e-09 -115.782036 7.0035634 1.62120116 6.00314331 2.04293728 7.03176832 2.04293728 -0.902899981 0.429850757 0
FACE __mirrorClone_P_TEXT.JPG#12 rooms 2.46869993 3.67864983e-09 -109.610283 3.67337584 2.53041744 -115.612808 3.67337584 2.53041744 -109.439201 6.00314331 2.04293728 7.0035634 1.62120116 5.97462988 1.62120116 -0.902899921 0.429850727 0
FACE __mirrorClone_P_TEXT.JPG#12 rooms 2.46869993 2.53041744 -117.016388 2.46869993 3.67864983e-09 -115.782036 2.46869993 3.67864983e-09 -117.016388 7.23749352 1.62120116 7.03176832 2.04293728 7.23749352 2.04293728 -0.99999994 0 0
FACE __mirrorClone_P_TEXT.JPG#12 rooms 3.67337584 2.53041744 -115.612808 2.46869993 3.67864983e-09 -115.782036 2.46869993 2.53041744 -117.016388 7.0035634 1.62120116 7.03176832 2.04293728 7.23749352 1.62120116 -0.723205507 0.302789718 0.620718956
FACE __mirrorClone_P_TEXT.JPG#12 rooms::mirUV -2.46869993 3.67864983e-09 -107.141586 -3.7030499 0 -106.524406 -2.46869993 2.53041744 -107.141586 -2.89446259 2.04293728 -3.10018754 2.04293728 -2.89446259 1.62120116 0.44721362 0 0.894427121
FACE __mirrorClone_P_TEXT.JPG#12 floor::mirUV 3.7030499 0 -106.524406 -2.46869993 3.67864983e-09 -107.141586 2.46869993 3.67864983e-09 -107.141586 0.751844108 0.959863305 0.331779748 0.91891247 0.667856455 0.918842196 -2.69446127e-17 1 5.96046368e-09
FACE __mirrorClone_P_TEXT.JPG#12 rooms::mirUV -3.67337584 2.53041744 -109.439201 -2.46869993 3.67864983e-09 -107.141586 -2.46869993 2.53041744 -107.141586 5.97462988 1.62120116 5.5916934 2.04293728 5.5916934 1.62120116 0.885647416 -1.61238081e-08 -0.464358211
FACE __mirrorClone_P_TEXT.JPG#12 rooms::mirUV -2.46869993 3.67864983e-09 -107.141586 -3.67337584 2.53041744 -109.439201 -2.46869993 3.67864983e-09 -109.610283 5.5916934 2.04293728 5.97462988 1.62120116 6.00314331 2.04293728 0.902899921 0.429850727 0
FACE __mirrorClone_P_TEXT.JPG#12 rooms::mirUV -3.67337584 2.53041744 -115.612808 -2.46869993 3.67864983e-09 -109.610283 -3.67337584 2.53041744 -109.439201 7.0035634 1.62120116 6.00314331 2.04293728 5.97462988 1.62120116 0.902899981 0.429850727 0
FACE __mirrorClone_P_TEXT.JPG#12 rooms::mirUV -3.67337584 2.53041744 -115.612808 -2.46869993 3.67864983e-09 -115.782036 -2.46869993 3.67864983e-09 -109.610283 7.0035634 1.62120116 7.03176832 2.04293728 6.00314331 2.04293728 0.902899981 0.429850757 0
FACE __mirrorClone_P_TEXT.JPG#12 floor::mirUV 2.46869993 3.67864983e-09 -109.610283 -2.46869993 3.67864983e-09 -115.782036 2.46869993 3.67864983e-09 -115.782036 0.667952895 0.754472613 0.332094669 0.342933446 0.668177128 0.342986256 0 0.99999994 0
FACE __mirrorClone_P_TEXT.JPG#12 floor::mirUV -2.46869993 3.67864983e-09 -115.782036 2.46869993 3.67864983e-09 -109.610283 -2.46869993 3.67864983e-09 -109.610283 0.332094669 0.342933446 0.667952895 0.754472613 0.331866384 0.75450784 0 0.99999994 0
FACE __mirrorClone_P_TEXT.JPG#12 floor::mirUV -2.46869993 3.67864983e-09 -109.610283 2.46869993 3.67864983e-09 -107.141586 -2.46869993 3.67864983e-09 -107.141586 0.331866384 0.75450784 0.667856455 0.918842196 0.331779748 0.91891247 0 0.99999994 0
FACE __mirrorClone_P_TEXT.JPG#12 floor::mirUV 2.46869993 3.67864983e-09 -107.141586 -2.46869993 3.67864983e-09 -109.610283 2.46869993 3.67864983e-09 -109.610283 0.667856455 0.918842196 0.331866384 0.75450784 0.667952895 0.754472613 0 0.99999994 0
FACE __mirrorClone_P_TEXT.JPG#12 rooms::mirUV -2.46869993 2.53041744 -117.016388 -2.46869993 3.67864983e-09 -115.782036 -3.67337584 2.53041744 -115.612808 7.23749352 1.62120116 7.03176832 2.04293728 7.0035634 1.62120116 0.723205507 0.302789718 0.620718956
FACE __mirrorClone_P_TEXT.JPG#12 rooms::mirUV -2.46869993 3.67864983e-09 -117.016388 -2.46869993 3.67864983e-09 -115.782036 -2.46869993 2.53041744 -117.016388 7.23749352 2.04293728 7.03176832 2.04293728 7.23749352 1.62120116 0.99999994 0 0
FACE __mirrorClone_P_TEXT.JPG#12 floor::mirUV 2.46869993 3.67864983e-09 -115.782036 -2.46869993 3.67864983e-09 -117.016388 2.46869993 3.67864983e-09 -117.016388 0.668177128 0.342986256 0.332143515 0.260522217 0.668220222 0.26059249 0 0.99999994 0
FACE __mirrorClone_P_TEXT.JPG#12 floor::mirUV -2.46869993 3.67864983e-09 -117.016388 2.46869993 3.67864983e-09 -115.782036 -2.46869993 3.67864983e-09 -115.782036 0.332143515 0.260522217 0.668177128 0.342986256 0.332094669 0.342933446 0 0.99999994 0
FACE __mirrorClone_P_TEXT.JPG#12 rooms::mirUV 3.7030499 8.27014446 -106.524406 -3.7030499 12.3435001 -106.524406 3.7030499 12.3435001 -106.524406 -1.86583757 0.664580047 -3.10018754 -0.0143125653 -1.86583757 -0.0143125653 0 0 0.99999994
FACE __mirrorClone_P_TEXT.JPG#12 rooms::mirUV -3.7030499 12.3435001 -106.524406 3.7030499 8.27014446 -106.524406 -3.7030499 8.27014446 -106.524406 -3.10018754 -0.0143125653 -1.86583757 0.664580047 -3.10018754 0.664580047 0 0 0.99999994
FACE __mirrorClone_P_TEXT.JPG#12 rooms 12.3435001 12.3435001 -93.5637436 12.3435001 0 -106.524406 12.3435001 12.3435001 -106.524406 3.32871842 -0.0143125653 5.48883104 2.04293728 5.48883104 -0.0143125653 -0.99999994 0 0
FACE __mirrorClone_P_TEXT.JPG#12 rooms::mirUV 12.3435001 12.3435001 -106.524406 3.7030499 0 -106.524406 3.7030499 12.3435001 -106.524406 -0.425762475 -0.0143125653 -1.86583757 2.04293728 -1.86583757 -0.0143125653 0 0 0.99999994
FACE __mirrorClone_P_TEXT.JPG#12 rooms::mirUV 2.46869993 7.46781731 -107.141586 -3.7030499 8.27014446 -106.524406 3.7030499 8.27014446 -106.524406 -2.07156253 0.79830122 -3.10018754 0.664580047 -1.86583757 0.664580047 -7.19417304e-11 -0.609710932 0.792623758
FACE __mirrorClone_P_TEXT.JPG#12 rooms::mirUV -12.3435001 12.3435001 -106.524406 -12.3435001 0 -93.5637436 -12.3435001 12.3435001 -93.5637436 5.48883104 -0.0143125653 3.32871842 2.04293728 3.32871842 -0.0143125653 0.99999994 0 0
FACE __mirrorClone_P_TEXT.JPG#12 rooms::mirUV -3.7030499 12.3435001 -106.524406 -12.3435001 0 -106.524406 -12.3435001 12.3435001 -106.524406 -3.10018754 -0.0143125653 -4.5402627 2.04293728 -4.5402627 -0.0143125653 0 0 0.99999994
FACE __mirrorClone_P_TEXT.JPG#12 rooms 12.3435001 0 -106.524406 12.3435001 12.3435001 -93.5637436 12.3435001 0 -93.5637436 5.48883104 2.04293728 3.32871842 -0.0143125653 3.32871842 2.04293728 -0.99999994 0 0
FACE __mirrorClone_P_TEXT.JPG#12 rooms::mirUV 3.7030499 0 -106.524406 12.3435001 12.3435001 -106.524406 12.3435001 0 -106.524406 -1.86583757 2.04293728 -0.425762475 -0.0143125653 -0.425762475 2.04293728 0 0 0.99999994
FACE __mirrorClone_P_TEXT.JPG#12 rooms::mirUV 3.7030499 0 -106.524406 2.46869993 4.99911785 -107.141586 3.7030499 8.27014446 -106.524406 -1.86583757 2.04293728 -2.07156253 1.20975113 -1.86583757 0.664580047 -0.44721368 0 0.89442718
FACE __mirrorClone_P_TEXT.JPG#12 rooms::mirUV -2.46869993 4.99911785 -107.141586 -3.7030499 0 -106.524406 -3.7030499 8.27014446 -106.524406 -2.89446259 1.20975113 -3.10018754 2.04293728 -3.10018754 0.664580047 0.44721365 -1.90394922e-10 0.89442718
FACE __mirrorClone_P_TEXT.JPG#12 rooms::mirUV -12.3435001 0 -93.5637436 -12.3435001 12.3435001 -106.524406 -12.3435001 0 -106.524406 3.32871842 2.04293728 5.48883104 -0.0143125653 5.48883104 2.04293728 0.99999994 0 0
FACE __mirrorClone_P_TEXT.JPG#12 rooms::mirUV -12.3435001 0 -106.524406 -3.7030499 12.3435001 -106.524406 -3.7030499 0 -106.524406 -4.5402627 2.04293728 -3.10018754 -0.0143125653 -3.10018754 2.04293728 0 0 0.99999994
FACE __mirrorClone_P_TEXT.JPG#12 floor::mirUV 12.3435001 0 -93.5637436 -12.3435001 0 -106.524406 12.3435001 0 -106.524406 1.33865142 1.81953895 -0.340319604 0.959543884 1.33977222 0.959152758 0 0.99999994 0
FACE __mirrorClone_P_TEXT.JPG#12 floor::mirUV -12.3435001 0 -106.524406 12.3435001 0 -93.5637436 -12.3435001 0 -93.5637436 -0.340319604 0.959543884 1.33865142 1.81953895 -0.340618134 1.82078135 0 0.99999994 0
FACE __mirrorClone_P_TEXT.JPG#12 floor::mirUV -2.46869993 3.67864983e-09 -107.141586 3.7030499 0 -106.524406 -3.7030499 0 -106.524406 0.331779748 0.91891247 0.751844108 0.959863305 0.247738495 0.95998168 -1.79630773e-17 1 5.96046412e-09
FACE __mirrorClone_P_TEXT.JPG#12 rooms 12.3435001 12.3435001 -87.391983 12.3435001 7.4060998 -93.5637436 12.3435001 12.3435001 -93.5637436 2.30009317 -0.0143125653 3.32871842 0.808587432 3.32871842 -0.0143125653 -1 0 0
FACE __mirrorClone_P_TEXT.JPG#12 rooms::mirUV -12.3435001 7.4060998 -93.5637436 -12.3435001 12.3435001 -87.391983 -12.3435001 12.3435001 -93.5637436 3.32871842 0.808587432 2.30009317 -0.0143125653 3.32871842 -0.0143125653 1 0 0
FACE __mirrorClone_P_TEXT.JPG#12 rooms 12.3435001 7.4060998 -93.5637436 12.3435001 12.3435001 -87.391983 12.3435001 7.4060998 -87.391983 3.32871842 0.808587432 2.30009317 -0.0143125653 2.30009317 0.808587432 -1 0 0
FACE __mirrorClone_P_TEXT.JPG#12 rooms 13.5778494 6.78892469 -88.0091629 12.3435001 7.4060998 -92.9465561 12.3435001 7.4060998 -88.0091629 -0.220037639 -1.40295565 -0.425762475 -2.22585583 -0.425762475 -1.40295565 -0.447213858 -0.894427001 0
FACE __mirrorClone_P_TEXT.JPG#12 rooms 12.3435001 7.4060998 -92.9465561 13.5778494 6.78892469 -88.0091629 13.5778494 6.78892469 -92.9465561 -0.425762475 -2.22585583 -0.220037639 -1.40295565 -0.220037639 -2.22585583 -0.447213858 -0.894427001 0
FACE __mirrorClone_P_TEXT.JPG#12 rooms 12.3435001 7.4060998 -92.9465561 12.3435001 6.78892469 -93.5637436 12.3435001 7.4060998 -93.5637436 3.22585583 0.808587432 3.32871842 0.911450028 3.32871842 0.808587432 -1 0 0
FACE __mirrorClone_P_TEXT.JPG#12 rooms 12.3435001 6.78892469 -93.5637436 12.3435001 7.4060998 -92.9465561 13.5778494 6.78892469 -92.9465561 -0.425762475 -2.32871842 -0.425762475 -2.22585583 -0.220037639 -2.22585583 -0.33333376 -0.666667044 0.666666031
FACE __mirrorClone_P_TEXT.JPG#12 rooms 13.5778494 6.78892469 -88.0091629 12.3435001 7.4060998 -87.391983 12.3435001 6.78892469 -87.391983 -0.220037639 0.911450028 -0.425762475 0.808587432 -0.425762475 0.911450028 -0.447213352 8.34396019e-09 -0.894427359
FACE __mirrorClone_P_TEXT.JPG#12 rooms 12.3435001 7.4060998 -87.391983 13.5778494 6.78892469 -88.0091629 12.3435001 7.4060998 -88.0091629 -0.425762475 -1.30009329 -0.220037639 -1.40295565 -0.425762475 -1.40295565 -0.447213858 -0.894427001 0
FACE __mirrorClone_P_TEXT.JPG#12 rooms::mirUV -12.3435001 12.3435001 -87.391983 -12.3435001 7.4060998 -93.5637436 -12.3435001 7.4060998 -87.391983 2.30009317 -0.0143125653 3.32871842 0.808587432 2.30009317 0.808587432 1 0 0
FACE __mirrorClone_P_TEXT.JPG#12 rooms -12.3435001 7.4060998 -92.9465561 -13.5778494 6.78892469 -88.0091629 -12.3435001 7.4060998 -88.0091629 -4.5402627 -2.22585583 -4.74598742 -1.40295565 -4.5402627 -1.40295565 0.447213858 -0.894427001 0
FACE __mirrorClone_P_TEXT.JPG#12 rooms -13.5778494 6.78892469 -88.0091629 -12.3435001 7.4060998 -92.9465561 -13.5778494 6.78892469 -92.9465561 -4.74598742 -1.40295565 -4.5402627 -2.22585583 -4.74598742 -2.22585583 0.447213858 -0.894427001 0
FACE __mirrorClone_P_TEXT.JPG#12 rooms::mirUV -13.5778494 6.78892469 -92.9465561 -12.3435001 7.4060998 -93.5637436 -12.3435001 6.78892469 -93.5637436 -4.74598742 0.911450028 -4.5402627 0.808587432 -4.5402627 0.911450028 0.447214395 -2.65887454e-08 0.894426763
FACE __mirrorClone_P_TEXT.JPG#12 rooms -12.3435001 7.4060998 -93.5637436 -13.5778494 6.78892469 -92.9465561 -12.3435001 7.4060998 -92.9465561 -4.5402627 -2.32871842 -4.74598742 -2.22585583 -4.5402627 -2.22585583 0.447213888 -0.894427061 0
FACE __mirrorClone_P_TEXT.JPG#12 rooms -12.3435001 7.4060998 -87.391983 -13.5778494 6.78892469 -88.0091629 -12.3435001 6.78892469 -87.391983 -4.5402627 0.808587432 -4.74598742 0.911450028 -4.5402627 0.911450028 0.447213352 0 -0.894427359
FACE __mirrorClone_P_TEXT.JPG#12 rooms -13.5778494 6.78892469 -88.0091629 -12.3435001 7.4060998 -87.391983 -12.3435001 7.4060998 -88.0091629 -4.74598742 -1.40295565 -4.5402627 -1.30009329 -4.5402627 -1.40295565 0.447213858 -0.894427001 0
FACE __mirrorClone_P_TEXT.JPG#12 rooms 13.5778494 6.78892469 -88.0091629 13.5778494 3.08587503 -92.9465561 13.5778494 6.78892469 -92.9465561 2.40295553 0.911450028 3.22585583 1.52862489 3.22585583 0.911450028 -1 0 0
FACE __mirrorClone_P_TEXT.JPG#12 rooms::mirUV 13.5778494 6.78892469 -92.9465561 12.3435001 3.08587503 -93.5637436 12.3435001 6.78892469 -93.5637436 -0.220037639 0.911450028 -0.425762475 1.52862489 -0.425762475 0.911450028 -0.447214395 4.43145876e-09 0.894426763
FACE __mirrorClone_P_TEXT.JPG#12 rooms 12.3435001 3.08587503 -87.391983 13.5778494 6.78892469 -88.0091629 12.3435001 6.78892469 -87.391983 -0.425762475 1.52862489 -0.220037639 0.911450028 -0.425762475 0.911450028 -0.447213322 0 -0.894427299
FACE __mirrorClone_P_TEXT.JPG#12 rooms::mirUV -13.5778494 3.08587503 -92.9465561 -13.5778494 6.78892469 -88.0091629 -13.5778494 6.78892469 -92.9465561 3.22585583 1.52862489 2.40295553 0.911450028 3.22585583 0.911450028 1 0 0
FACE __mirrorClone_P_TEXT.JPG#12 rooms::mirUV -12.3435001 6.78892469 -93.5637436 -13.5778494 3.08587503 -92.9465561 -13.5778494 6.78892469 -92.9465561 -4.5402627 0.911450028 -4.74598742 1.52862489 -4.74598742 0.911450028 0.447214395 -4.43145876e-09 0.894426763
FACE __mirrorClone_P_TEXT.JPG#12 rooms -13.5778494 6.78892469 -88.0091629 -12.3435001 3.08587503 -87.391983 -12.3435001 6.78892469 -87.391983 -4.74598742 0.911450028 -4.5402627 1.52862489 -4.5402627 0.911450028 0.447213322 -1.39066025e-09 -0.894427299
FACE __mirrorClone_P_TEXT.JPG#12 rooms 13.5778494 3.08587503 -92.9465561 13.5778494 6.78892469 -88.0091629 13.5778494 3.08587503 -88.0091629 3.22585583 1.52862489 2.40295553 0.911450028 2.40295553 1.52862489 -1 0 0
FACE __mirrorClone_P_TEXT.JPG#12 rooms::mirUV 12.3435001 3.08587503 -93.5637436 13.5778494 6.78892469 -92.9465561 13.5778494 3.08587503 -92.9465561 -0.425762475 1.52862489 -0.220037639 0.911450028 -0.220037639 1.52862489 -0.447214395 4.43145876e-09 0.894426763
FACE __mirrorClone_P_TEXT.JPG#12 rooms::mirUV 12.3435001 2.46869993 -92.9465561 13.5778494 3.08587503 -88.0091629 12.3435001 2.46869993 -88.0091629 -0.425762475 -2.22585583 -0.220037639 -1.40295565 -0.425762475 -1.40295565 -0.447213858 0.894427001 0
FACE __mirrorClone_P_TEXT.JPG#12 rooms::mirUV 13.5778494 3.08587503 -88.0091629 12.3435001 2.46869993 -92.9465561 13.5778494 3.08587503 -92.9465561 -0.220037639 -1.40295565 -0.425762475 -2.22585583 -0.220037639 -2.22585583 -0.447213858 0.894427001 0
FACE __mirrorClone_P_TEXT.JPG#12 rooms::mirUV 13.5778494 3.08587503 -92.9465561 12.3435001 2.46869993 -93.5637436 12.3435001 3.08587503 -93.5637436 -0.220037639 1.52862489 -0.425762475 1.63148749 -0.425762475 1.52862489 -0.447214395 2.65887454e-08 0.894426763
FACE __mirrorClone_P_TEXT.JPG#12 rooms::mirUV 12.3435001 2.46869993 -93.5637436 13.5778494 3.08587503 -92.9465561 12.3435001 2.46869993 -92.9465561 -0.425762475 -2.32871842 -0.220037639 -2.22585583 -0.425762475 -2.22585583 -0.447213888 0.894427061 0
FACE __mirrorClone_P_TEXT.JPG#12 rooms 13.5778494 6.78892469 -88.0091629 12.3435001 3.08587503 -87.391983 13.5778494 3.08587503 -88.0091629 -0.220037639 0.911450028 -0.425762475 1.52862489 -0.220037639 1.52862489 -0.447213322 0 -0.894427299
FACE __mirrorClone_P_TEXT.JPG#12 rooms 12.3435001 2.46869993 -87.391983 13.5778494 3.08587503 -88.0091629 12.3435001 3.08587503 -87.391983 -0.425762475 1.63148749 -0.220037639 1.52862489 -0.425762475 1.52862489 -0.447213352 0 -0.894427359
FACE __mirrorClone_P_TEXT.JPG#12 rooms::mirUV 13.5778494 3.08587503 -88.0091629 12.3435001 2.46869993 -87.391983 12.3435001 2.46869993 -88.0091629 -0.220037639 -1.40295565 -0.425762475 -1.30009329 -0.425762475 -1.40295565 -0.447213858 0.894427001 0
FACE __mirrorClone_P_TEXT.JPG#12 rooms::mirUV -13.5778494 6.78892469 -88.0091629 -13.5778494 3.08587503 -92.9465561 -13.5778494 3.08587503 -88.0091629 2.40295553 0.911450028 3.22585583 1.52862489 2.40295553 1.52862489 1 0 0
FACE __mirrorClone_P_TEXT.JPG#12 rooms::mirUV -13.5778494 3.08587503 -92.9465561 -12.3435001 6.78892469 -93.5637436 -12.3435001 3.08587503 -93.5637436 -4.74598742 1.52862489 -4.5402627 0.911450028 -4.5402627 1.52862489 0.447214395 -4.43145876e-09 0.894426763
FACE __mirrorClone_P_TEXT.JPG#12 rooms::mirUV -13.5778494 3.08587503 -88.0091629 -12.3435001 2.46869993 -92.9465561 -12.3435001 2.46869993 -88.0091629 -4.74598742 -1.40295565 -4.5402627 -2.22585583 -4.5402627 -1.40295565 0.447213858 0.894427001 0
FACE __mirrorClone_P_TEXT.JPG#12 rooms::mirUV -12.3435001 2.46869993 -92.9465561 -13.5778494 3.08587503 -88.0091629 -13.5778494 3.08587503 -92.9465561 -4.5402627 -2.22585583 -4.74598742 -1.40295565 -4.74598742 -2.22585583 0.447213858 0.894427001 0
FACE __mirrorClone_P_TEXT.JPG#12 rooms::mirUV -12.3435001 2.46869993 -92.9465561 -12.3435001 3.08587503 -93.5637436 -12.3435001 2.46869993 -93.5637436 3.22585583 1.63148749 3.32871842 1.52862489 3.32871842 1.63148749 1 0 0
FACE __mirrorClone_P_TEXT.JPG#12 rooms::mirUV -12.3435001 3.08587503 -93.5637436 -12.3435001 2.46869993 -92.9465561 -13.5778494 3.08587503 -92.9465561 -4.5402627 -2.32871842 -4.5402627 -2.22585583 -4.74598742 -2.22585583 0.33333376 0.666667044 0.666666031
FACE __mirrorClone_P_TEXT.JPG#12 rooms -12.3435001 3.08587503 -87.391983 -13.5778494 6.78892469 -88.0091629 -13.5778494 3.08587503 -88.0091629 -4.5402627 1.52862489 -4.74598742 0.911450028 -4.74598742 1.52862489 0.447213322 -1.39066025e-09 -0.894427299
FACE __mirrorClone_P_TEXT.JPG#12 rooms -13.5778494 3.08587503 -88.0091629 -12.3435001 2.46869993 -87.391983 -12.3435001 3.08587503 -87.391983 -4.74598742 1.52862489 -4.5402627 1.63148749 -4.5402627 1.52862489 0.447213352 -8.34396019e-09 -0.894427359
FACE __mirrorClone_P_TEXT.JPG#12 rooms::mirUV -12.3435001 2.46869993 -87.391983 -13.5778494 3.08587503 -88.0091629 -12.3435001 2.46869993 -88.0091629 -4.5402627 -1.30009329 -4.74598742 -1.40295565 -4.5402627 -1.40295565 0.447213858 0.894427001 0
FACE __mirrorClone_P_TEXT.JPG#12 rooms 12.3435001 2.46869993 -93.5637436 12.3435001 0 -87.391983 12.3435001 0 -93.5637436 3.32871842 1.63148749 2.30009317 2.04293728 3.32871842 2.04293728 -0.99999994 0 0
FACE __mirrorClone_P_TEXT.JPG#12 rooms 12.3435001 0 -87.391983 12.3435001 2.46869993 -93.5637436 12.3435001 2.46869993 -87.391983 2.30009317 2.04293728 3.32871842 1.63148749 2.30009317 1.63148749 -0.99999994 0 0
FACE __mirrorClone_P_TEXT.JPG#12 floor::mirUV 12.3435001 0 -87.391983 -12.3435001 0 -93.5637436 12.3435001 0 -93.5637436 1.33789551 2.22809339 -0.340618134 1.82078135 1.33865142 1.81953895 0 1 0
FACE __mirrorClone_P_TEXT.JPG#12 floor::mirUV -12.3435001 0 -93.5637436 12.3435001 0 -87.391983 -12.3435001 0 -87.391983 -0.340618134 1.82078135 1.33789551 2.22809339 -0.340678155 2.22968125 0 1 0
FACE __mirrorClone_P_TEXT.JPG#12 rooms::mirUV -12.3435001 2.46869993 -87.391983 -12.3435001 0 -93.5637436 -12.3435001 0 -87.391983 2.30009317 1.63148749 3.32871842 2.04293728 2.30009317 2.04293728 0.99999994 0 0
FACE __mirrorClone_P_TEXT.JPG#12 rooms::mirUV -12.3435001 0 -93.5637436 -12.3435001 2.46869993 -87.391983 -12.3435001 2.46869993 -93.5637436 3.32871842 2.04293728 2.30009317 1.63148749 3.32871842 1.63148749 0.99999994 0 0
FACE __mirrorClone_P_TEXT.JPG#12 rooms 12.3435001 12.3435001 -75.0484924 12.3435001 0 -87.391983 12.3435001 12.3435001 -87.391983 0.242843628 -0.0143125653 2.30009317 2.04293728 2.30009317 -0.0143125653 -1 0 0
FACE __mirrorClone_P_TEXT.JPG#12 rooms::mirUV -12.3435001 12.3435001 -87.391983 -12.3435001 0 -75.0484924 -12.3435001 12.3435001 -75.0484924 2.30009317 -0.0143125653 0.242843628 2.04293728 0.242843628 -0.0143125653 1 0 0
FACE __mirrorClone_P_TEXT.JPG#12 rooms 12.3435001 0 -87.391983 12.3435001 12.3435001 -75.0484924 12.3435001 0 -75.0484924 2.30009317 2.04293728 0.242843628 -0.0143125653 0.242843628 2.04293728 -1 0 0
FACE __mirrorClone_P_TEXT.JPG#12 rooms::mirUV -12.3435001 0 -75.0484924 -12.3435001 12.3435001 -87.391983 -12.3435001 0 -87.391983 0.242843628 2.04293728 2.30009317 -0.0143125653 2.30009317 2.04293728 1 0 0
FACE __mirrorClone_P_TEXT.JPG#12 floor::mirUV 12.3435001 0 -75.0484924 -12.3435001 0 -87.391983 12.3435001 0 -87.391983 1.33588505 3.04316235 -0.340678155 2.22968125 1.33789551 2.22809339 0 1 0
FACE __mirrorClone_P_TEXT.JPG#12 floor::mirUV -12.3435001 0 -87.391983 12.3435001 0 -75.0484924 -12.3435001 0 -75.0484924 -0.340678155 2.22968125 1.33588505 3.04316235 -0.34073481 3.04525638 0 1 0
FACE __mirrorClone_P_TEXT.JPG#12 rooms 9.87479973 11.1091499 -75.0484924 12.3435001 12.3435001 -75.0484924 9.87479973 12.3435001 -75.0484924 -0.837212563 0.191412449 -0.425762475 -0.0143125653 -0.837212563 -0.0143125653 0 0 -1
FACE __mirrorClone_P_TEXT.JPG#12 rooms 9.87479973 12.3435001 -75.0484924 4.93739986 12.3435001 -75.0484924 9.87479973 11.1091499 -75.0484924 -0.837212563 -0.0143125653 -1.66011262 -0.0143125653 -0.837212563 0.191412449 0 0 -1
FACE __mirrorClone_P_TEXT.JPG#12 rooms 9.87479973 11.1091499 -75.0484924 12.3435001 4.93739986 -75.0484924 12.3435001 12.3435001 -75.0484924 -0.837212563 0.191412449 -0.425762475 1.22003746 -0.425762475 -0.0143125653 0 0 -1
FACE __mirrorClone_P_TEXT.JPG#12 rooms 9.87479973 11.1091499 -75.0484924 4.93739986 12.3435001 -75.0484924 4.93739986 8.64045048 -75.0484924 -0.837212563 0.191412449 -1.66011262 -0.0143125653 -1.66011262 0.602862358 0 0 -1
FACE __mirrorClone_P_TEXT.JPG#12 rooms 4.93739986 8.64045048 -75.0484924 2.46869993 12.3435001 -75.0484924 2.46869993 7.4060998 -75.0484924 -1.66011262 0.602862358 -2.07156253 -0.0143125653 -2.07156253 0.808587432 0 0 -0.99999994
FACE __mirrorClone_P_TEXT.JPG#12 rooms 4.93739986 12.3435001 -75.0484924 2.46869993 12.3435001 -75.0484924 4.93739986 8.64045048 -75.0484924 -1.66011262 -0.0143125653 -2.07156253 -0.0143125653 -1.66011262 0.602862358 0 0 -1
FACE __mirrorClone_P_TEXT.JPG#12 rooms -4.93739986 4.93739986 -75.0484924 -2.46869993 12.3435001 -75.0484924 -4.93739986 12.3435001 -75.0484924 -3.30591273 1.22003746 -2.89446259 -0.0143125653 -3.30591273 -0.0143125653 0 0 -1
FACE __mirrorClone_P_TEXT.JPG#12 rooms 2.46869993 12.3435001 -75.0484924 -2.46869993 12.3435001 -75.0484924 2.46869993 7.4060998 -75.0484924 -2.07156253 -0.0143125653 -2.89446259 -0.0143125653 -2.07156253 0.808587432 0 0 -0.99999994
FACE __mirrorClone_P_TEXT.JPG#12 rooms -9.87479973 4.93739986 -75.0484924 -4.93739986 12.3435001 -75.0484924 -9.87479973 12.3435001 -75.0484924 -4.12881231 1.22003746 -3.30591273 -0.0143125653 -4.12881231 -0.0143125653 0 0 -1
FACE __mirrorClone_P_TEXT.JPG#12 rooms -12.3435001 4.93739986 -75.0484924 -9.87479973 12.3435001 -75.0484924 -12.3435001 12.3435001 -75.0484924 -4.5402627 1.22003746 -4.12881231 -0.0143125653 -4.5402627 -0.0143125653 0 0 -1
FACE __mirrorClone_P_TEXT.JPG#12 rooms 9.87479973 4.93739986 -75.0484924 12.3435001 4.93739986 -75.0484924 9.87479973 11.1091499 -75.0484924 -0.837212563 1.22003746 -0.425762475 1.22003746 -0.837212563 0.191412449 0 0 -1
FACE __mirrorClone_P_TEXT.JPG#12 rooms 4.93739986 8.64045048 -75.0484924 9.87479973 4.93739986 -75.0484924 9.87479973 11.1091499 -75.0484924 -1.66011262 0.602862358 -0.837212563 1.22003746 -0.837212563 0.191412449 0 0 -1
FACE __mirrorClone_P_TEXT.JPG#12 rooms 2.46869993 7.4060998 -75.0484924 4.93739986 4.93739986 -75.0484924 4.93739986 8.64045048 -75.0484924 -2.07156253 0.808587432 -1.66011262 1.22003746 -1.66011262 0.602862358 0 0 -1
FACE __mirrorClone_P_TEXT.JPG#12 rooms -2.46869993 12.3435001 -75.0484924 -4.93739986 4.93739986 -75.0484924 -2.46869993 4.93739986 -75.0484924 -2.89446259 -0.0143125653 -3.30591273 1.22003746 -2.89446259 1.22003746 0 0 -1
FACE __mirrorClone_P_TEXT.JPG#12 rooms 2.46869993 7.4060998 -75.0484924 -2.46869993 12.3435001 -75.0484924 -2.46869993 4.93739986 -75.0484924 -2.07156253 0.808587432 -2.89446259 -0.0143125653 -2.89446259 1.22003746 0 0 -1
FACE __mirrorClone_P_TEXT.JPG#12 rooms -4.93739986 12.3435001 -75.0484924 -9.87479973 4.93739986 -75.0484924 -4.93739986 4.93739986 -75.0484924 -3.30591273 -0.0143125653 -4.12881231 1.22003746 -3.30591273 1.22003746 0 0 -1
FACE __mirrorClone_P_TEXT.JPG#12 rooms -9.87479973 12.3435001 -75.0484924 -12.3435001 4.93739986 -75.0484924 -9.87479973 4.93739986 -75.0484924 -4.12881231 -0.0143125653 -4.5402627 1.22003746 -4.12881231 1.22003746 0 0 -1
FACE __mirrorClone_P_TEXT.JPG#12 rooms 4.93739986 4.93739986 -75.0484924 9.87479973 4.93739986 -75.0484924 4.93739986 8.64045048 -75.0484924 -1.66011262 1.22003746 -0.837212563 1.22003746 -1.66011262 0.602862358 0 0 -1
FACE __mirrorClone_P_TEXT.JPG#12 rooms 2.46869993 4.93739986 -75.0484924 4.93739986 4.93739986 -75.0484924 2.46869993 7.4060998 -75.0484924 -2.07156253 1.22003746 -1.66011262 1.22003746 -2.07156253 0.808587432 0 0 -0.99999994
FACE __mirrorClone_P_TEXT.JPG#12 rooms 2.46869993 4.93739986 -75.0484924 2.46869993 7.4060998 -75.0484924 -2.46869993 4.93739986 -75.0484924 -2.07156253 1.22003746 -2.07156253 0.808587432 -2.89446259 1.22003746 0 0 -0.99999994
FACE __mirrorClone_P_TEXT.JPG#12 rooms 9.87479973 4.93739986 -75.0484924 12.3435001 0 -75.0484924 12.3435001 4.93739986 -75.0484924 -0.837212563 1.22003746 -0.425762475 2.04293728 -0.425762475 1.22003746 0 0 -1
FACE __mirrorClone_P_TEXT.JPG#12 rooms 9.87479973 4.93739986 -62.7049866 9.87479973 0 -75.0484924 9.87479973 4.93739986 -75.0484924 -1.81440663 1.22003746 0.242843628 2.04293728 0.242843628 1.22003746 -0.99999994 0 0
FACE __mirrorClone_P_TEXT.JPG#12 rooms 2.46869993 0 -75.0484924 4.93739986 4.93739986 -75.0484924 2.46869993 4.93739986 -75.0484924 -2.07156253 2.04293728 -1.66011262 1.22003746 -2.07156253 1.22003746 0 0 -0.99999994
FACE __mirrorClone_P_TEXT.JPG#12 rooms -4.93739986 0 -62.7049866 -4.93739986 4.93739986 -75.0484924 -4.93739986 4.93739986 -62.7049866 -1.81440663 2.04293728 0.242843628 1.22003746 -1.81440663 1.22003746 -0.99999994 0 0
FACE __mirrorClone_P_TEXT.JPG#12 rooms -4.93739986 4.93739986 -75.0484924 -4.93739986 0 -62.7049866 -4.93739986 3.7030499 -75.0484924 0.242843628 1.22003746 -1.81440663 2.04293728 0.242843628 1.42576241 -0.99999994 0 0
FACE __mirrorClone_P_TEXT.JPG#12 rooms::mirUV -2.46869993 0 -75.0484924 -2.46869993 4.93739986 -50.6577301 -2.46869993 4.93739986 -75.0484924 0.242843628 2.04293728 -3.82228279 1.22003746 0.242843628 1.22003746 1 0 0
FACE __mirrorClone_P_TEXT.JPG#12 rooms -4.93739986 4.93739986 -75.0484924 -4.93739986 3.7030499 -75.0484924 -2.46869993 4.93739986 -75.0484924 -3.30591273 1.22003746 -3.30591273 1.42576241 -2.89446259 1.22003746 0 0 -0.99999994
FACE __mirrorClone_P_TEXT.JPG#12 rooms -4.93739986 3.7030499 -75.0484924 -2.46869993 0 -75.0484924 -2.46869993 4.93739986 -75.0484924 -3.30591273 1.42576241 -2.89446259 2.04293728 -2.89446259 1.22003746 0 0 -0.99999994
FACE __mirrorClone_P_TEXT.JPG#12 rooms::mirUV -9.87479973 1.23434997 -75.0484924 -9.87479973 4.93739986 -62.7049866 -9.87479973 4.93739986 -75.0484924 0.242843628 1.83721244 -1.81440663 1.22003746 0.242843628 1.22003746 1 0 0
FACE __mirrorClone_P_TEXT.JPG#12 rooms -9.87479973 4.93739986 -75.0484924 -12.3435001 4.93739986 -75.0484924 -9.87479973 1.23434997 -75.0484924 -4.12881231 1.22003746 -4.5402627 1.22003746 -4.12881231 1.83721244 0 0 -1
FACE __mirrorClone_P_TEXT.JPG#12 rooms 12.3435001 0 -75.0484924 9.87479973 4.93739986 -75.0484924 9.87479973 0 -75.0484924 -0.425762475 2.04293728 -0.837212563 1.22003746 -0.837212563 2.04293728 0 0 -1
FACE __mirrorClone_P_TEXT.JPG#12 floor::mirUV 9.87479973 0 -62.7049866 4.93739986 0 -75.0484924 9.87479973 0 -75.0484924 1.16597319 3.85622144 0.833312571 3.044209 1.16841722 3.0435493 0 0.99999994 0
FACE __mirrorClone_P_TEXT.JPG#12 rooms::mirUV 5.51533461 0 -60.3870163 4.93739986 4.93739986 -75.0484924 4.93739986 0 -75.0484924 -2.20073509 2.04293728 0.242843628 1.22003746 0.242843628 2.04293728 0.999223948 -1.99076089e-09 -0.0393880121
FACE __mirrorClone_P_TEXT.JPG#12 rooms 9.87479973 0 -75.0484924 9.87479973 4.93739986 -62.7049866 9.87479973 0 -62.7049866 0.242843628 2.04293728 -1.81440663 1.22003746 -1.81440663 2.04293728 -0.99999994 0 0
FACE __mirrorClone_P_TEXT.JPG#12 rooms 2.46869993 4.93739986 -75.0484924 2.46869993 0 -50.6577301 2.46869993 0 -75.0484924 0.242843628 1.22003746 -3.82228279 2.04293728 0.242843628 2.04293728 -1 0 0
FACE __mirrorClone_P_TEXT.JPG#12 rooms 4.93739986 4.93739986 -75.0484924 2.46869993 0 -75.0484924 4.93739986 0 -75.0484924 -1.66011262 1.22003746 -2.07156253 2.04293728 -1.66011262 2.04293728 0 0 -0.99999994
FACE __mirrorClone_P_TEXT.JPG#12 rooms -4.93739986 3.7030499 -75.0484924 -4.93739986 0 -62.7049866 -4.93739986 0 -75.0484924 0.242843628 1.42576241 -1.81440663 2.04293728 0.242843628 2.04293728 -1 0 0
FACE __mirrorClone_P_TEXT.JPG#12 floor::mirUV 2.46869993 0 -75.0484924 -2.46869993 0 -50.6577301 -2.46869993 0 -75.0484924 0.665686369 3.04448056 0.327820957 4.64875174 0.330314845 3.04490399 0 1 0
FACE __mirrorClone_P_TEXT.JPG#12 rooms -4.93739986 0 -75.0484924 -2.46869993 0 -75.0484924 -4.93739986 3.7030499 -75.0484924 -3.30591273 2.04293728 -2.89446259 2.04293728 -3.30591273 1.42576241 0 0 -1
FACE __mirrorClone_P_TEXT.JPG#12 rooms::mirUV -9.87479973 4.93739986 -62.7049866 -9.87479973 0 -75.0484924 -9.87479973 0 -62.7049866 -1.81440663 1.22003746 0.242843628 2.04293728 -1.81440663 2.04293728 0.99999994 0 0
FACE __mirrorClone_P_TEXT.JPG#12 rooms::mirUV -9.87479973 0 -75.0484924 -9.87479973 4.93739986 -62.7049866 -9.87479973 1.23434997 -75.0484924 0.242843628 2.04293728 -1.81440663 1.22003746 0.242843628 1.83721244 0.99999994 0 0
FACE __mirrorClone_P_TEXT.JPG#12 floor::mirUV -9.87479973 0 -62.7049866 -4.93739986 0 -75.0484924 -4.93739986 0 -62.7049866 -0.173264712 3.85805392 0.162581459 3.04505467 0.161791608 3.85779476 0 0.99999994 0
FACE __mirrorClone_P_TEXT.JPG#12 floor::mirUV -4.93739986 0 -75.0484924 -9.87479973 0 -62.7049866 -9.87479973 0 -75.0484924 0.162581459 3.04505467 -0.173264712 3.85805392 -0.172949716 3.04523134 0 0.99999994 0
FACE __mirrorClone_P_TEXT.JPG#12 rooms -9.87479973 1.23434997 -75.0484924 -12.3435001 4.93739986 -75.0484924 -12.3435001 0 -75.0484924 -4.12881231 1.83721244 -4.5402627 1.22003746 -4.5402627 2.04293728 0 0 -1
FACE __mirrorClone_P_TEXT.JPG#12 rooms -9.87479973 1.23434997 -75.0484924 -12.3435001 0 -75.0484924 -9.87479973 0 -75.0484924 -4.12881231 1.83721244 -4.5402627 2.04293728 -4.12881231 2.04293728 0 0 -1
FACE __mirrorClone_P_TEXT.JPG#12 rooms::mirUV 49.3740005 0 -62.7049866 17.8980751 18.5152493 -62.7049866 49.3740005 18.5152493 -62.7049866 5.74598742 2.04293728 0.5 -1.0429374 5.74598742 -1.0429374 0 0 1
FACE __mirrorClone_P_TEXT.JPG#12 rooms::mirUV 17.8980751 0 -62.7049866 17.8980751 18.5152493 -54.064537 17.8980751 18.5152493 -62.7049866 -1.81440663 2.04293728 -3.25448155 -1.0429374 -1.81440663 -1.0429374 1 0 0
FACE __mirrorClone_P_TEXT.JPG#12 rooms::mirUV 17.8980751 18.5152493 -62.7049866 49.3740005 0 -62.7049866 17.8980751 0 -62.7049866 0.5 -1.0429374 5.74598742 2.04293728 0.5 2.04293728 0 0 1
FACE __mirrorClone_P_TEXT.JPG#12 rooms::mirUV 17.8980751 18.5152493 -54.064537 17.8980751 0 -62.7049866 17.8980751 0 -54.064537 -3.25448155 -1.0429374 -1.81440663 2.04293728 -3.25448155 2.04293728 1 0 0
FACE __mirrorClone_P_TEXT.JPG#12 rooms -4.93739986 6.17175007 -55.9160652 -4.93739986 4.93739986 -62.7049866 -4.93739986 6.17175007 -62.7049866 -2.94589353 1.01431251 -1.81440663 1.22003746 -1.81440663 1.01431251 -1 0 0
FACE __mirrorClone_P_TEXT.JPG#12 rooms -4.93739986 4.93739986 -62.7049866 -4.93739986 6.17175007 -55.9160652 -4.93739986 4.93739986 -55.9160652 -1.81440663 1.22003746 -2.94589353 1.01431251 -2.94589353 1.22003746 -1 0 0
FACE __mirrorClone_P_TEXT.JPG#12 rooms::mirUV -9.87479973 4.93739986 -62.7049866 -4.93739986 6.17175007 -62.7049866 -4.93739986 4.93739986 -62.7049866 -4.12881231 1.22003746 -3.30591273 1.01431251 -3.30591273 1.22003746 0 0 1
FACE __mirrorClone_P_TEXT.JPG#12 rooms::mirUV -4.93739986 6.17175007 -62.7049866 -9.87479973 4.93739986 -62.7049866 -9.87479973 6.17175007 -62.7049866 -3.30591273 1.01431251 -4.12881231 1.22003746 -4.12881231 1.01431251 0 0 1
FACE __mirrorClone_P_TEXT.JPG#12 rooms::mirUV -12.3435001 6.17175007 -62.7049866 -9.87479973 4.93739986 -62.7049866 -12.3435001 4.93739986 -62.7049866 -4.5402627 1.01431251 -4.12881231 1.22003746 -4.5402627 1.22003746 0 0 1
FACE __mirrorClone_P_TEXT.JPG#12 rooms::mirUV -9.87479973 4.93739986 -62.7049866 -12.3435001 6.17175007 -62.7049866 -9.87479973 6.17175007 -62.7049866 -4.12881231 1.22003746 -4.5402627 1.01431251 -4.12881231 1.01431251 0 0 1
FACE __mirrorClone_P_TEXT.JPG#12 rooms::mirUV -12.3435001 4.93739986 -62.7049866 -12.3435001 6.17175007 -55.9160652 -12.3435001 6.17175007 -62.7049866 -1.81440663 1.22003746 -2.94589353 1.01431251 -1.81440663 1.01431251 1 0 0
FACE __mirrorClone_P_TEXT.JPG#12 rooms::mirUV -12.3435001 6.17175007 -55.9160652 -12.3435001 4.93739986 -62.7049866 -12.3435001 4.93739986 -55.9160652 -2.94589353 1.01431251 -1.81440663 1.22003746 -2.94589353 1.22003746 1 0 0
FACE __mirrorClone_P_TEXT.JPG#12 rooms 12.7449055 0 -57.1548805 9.87479973 4.93739986 -62.7049866 12.7449055 4.93739986 -57.1548805 -2.73942447 2.04293728 -1.81440663 1.22003746 -2.73942447 1.22003746 -0.888259411 0 0.459342271
FACE __mirrorClone_P_TEXT.JPG#12 rooms::mirUV 5.51533461 0 -60.3870163 9.98394775 4.93739986 -53.0615921 5.51533461 4.93739986 -60.3870163 -2.20073509 2.04293728 -3.4216392 1.22003746 -2.20073509 1.22003746 0.853698254 0 -0.520768106
FACE __mirrorClone_P_TEXT.JPG#12 rooms::mirUV 4.93739986 4.93739986 -75.0484924 5.51533461 0 -60.3870163 5.51533461 4.93739986 -60.3870163 0.242843628 1.22003746 -2.20073509 2.04293728 -2.20073509 1.22003746 0.999223948 -1.99076089e-09 -0.0393880121
FACE __mirrorClone_P_TEXT.JPG#12 rooms 2.46869993 0 -50.6577301 2.46869993 4.93739986 -75.0484924 2.46869993 4.93739986 -50.6577301 -3.82228279 2.04293728 0.242843628 1.22003746 -3.82228279 1.22003746 -1 0 0
FACE __mirrorClone_P_TEXT.JPG#12 rooms -4.93739986 4.93739986 -55.9160652 -4.93739986 0 -62.7049866 -4.93739986 4.93739986 -62.7049866 -2.94589353 1.22003746 -1.81440663 2.04293728 -1.81440663 1.22003746 -1 0 0
FACE __mirrorClone_P_TEXT.JPG#12 rooms::mirUV -9.87479973 0 -62.7049866 -12.3435001 4.93739986 -62.7049866 -9.87479973 4.93739986 -62.7049866 -4.12881231 2.04293728 -4.5402627 1.22003746 -4.12881231 1.22003746 0 0 1
FACE __mirrorClone_P_TEXT.JPG#12 rooms::mirUV -12.3435001 4.93739986 -62.7049866 -12.3435001 0 -55.9160652 -12.3435001 4.93739986 -55.9160652 -1.81440663 1.22003746 -2.94589353 2.04293728 -2.94589353 1.22003746 1 0 0
FACE __mirrorClone_P_TEXT.JPG#12 rooms 9.87479973 4.93739986 -62.7049866 12.7449055 0 -57.1548805 9.87479973 0 -62.7049866 -1.81440663 1.22003746 -2.73942447 2.04293728 -1.81440663 2.04293728 -0.888259411 0 0.459342271
FACE __mirrorClone_P_TEXT.JPG#12 floor::mirUV 5.51533461 0 -60.3870163 12.7449055 0 -57.1548805 9.98394775 0 -53.0615921 0.870189428 4.00917244 1.35879791 4.22055912 1.17092979 4.48973703 0 1 0
FACE __mirrorClone_P_TEXT.JPG#12 floor::mirUV 9.87479973 0 -62.7049866 12.7449055 0 -57.1548805 5.51533461 0 -60.3870163 1.16597319 3.85622144 1.35879791 4.22055912 0.870189428 4.00917244 0 1 0
FACE __mirrorClone_P_TEXT.JPG#12 floor::mirUV 4.93739986 0 -75.0484924 9.87479973 0 -62.7049866 5.51533461 0 -60.3870163 0.833312571 3.044209 1.16597319 3.85622144 0.870189428 4.00917244 0 1 0
FACE __mirrorClone_P_TEXT.JPG#12 rooms -4.93739986 0 -62.7049866 -4.93739986 4.93739986 -55.9160652 -4.93739986 0 -55.9160652 -1.81440663 2.04293728 -2.94589353 1.22003746 -2.94589353 2.04293728 -1 0 0
FACE __mirrorClone_P_TEXT.JPG#12 floor::mirUV -2.46869993 0 -50.6577301 2.46869993 0 -75.0484924 2.46869993 0 -50.6577301 0.327820957 4.64875174 0.665686369 3.04448056 0.66201359 4.6483283 0 1 0
FACE __mirrorClone_P_TEXT.JPG#12 rooms::mirUV -2.46869993 4.93739986 -50.6577301 -2.46869993 0 -75.0484924 -2.46869993 0 -50.6577301 -3.82228279 1.22003746 0.242843628 2.04293728 -3.82228279 2.04293728 1 0 0
FACE __mirrorClone_P_TEXT.JPG#12 rooms::mirUV -12.3435001 4.93739986 -62.7049866 -9.87479973 0 -62.7049866 -12.3435001 0 -62.7049866 -4.5402627 1.22003746 -4.12881231 2.04293728 -4.5402627 2.04293728 0 0 1
FACE __mirrorClone_P_TEXT.JPG#12 floor::mirUV -12.3435001 0 -62.7049866 -9.87479973 0 -55.9160652 -12.3435001 0 -55.9160652 -0.340829551 3.85813069 -0.173535571 4.3041172 -0.340948701 4.30420923 0 1 0
FACE __mirrorClone_P_TEXT.JPG#12 floor::mirUV -9.87479973 0 -55.9160652 -12.3435001 0 -62.7049866 -9.87479973 0 -62.7049866 -0.173535571 4.3041172 -0.340829551 3.85813069 -0.173264712 3.85805392 0 1 0
FACE __mirrorClone_P_TEXT.JPG#12 floor::mirUV -4.93739986 0 -55.9160652 -9.87479973 0 -62.7049866 -4.93739986 0 -62.7049866 0.161200464 4.30384159 -0.173264712 3.85805392 0.161791608 3.85779476 0 1 0
FACE __mirrorClone_P_TEXT.JPG#12 floor::mirUV -9.87479973 0 -62.7049866 -4.93739986 0 -55.9160652 -9.87479973 0 -55.9160652 -0.173264712 3.85805392 0.161200464 4.30384159 -0.173535571 4.3041172 0 1 0
FACE __mirrorClone_P_TEXT.JPG#12 rooms::mirUV -12.3435001 0 -55.9160652 -12.3435001 4.93739986 -62.7049866 -12.3435001 0 -62.7049866 -2.94589353 2.04293728 -1.81440663 1.22003746 -1.81440663 2.04293728 1 0 0
FACE __mirrorClone_P_TEXT.JPG#12 rooms::mirUV 17.8980751 4.93739986 -54.064537 12.7449055 0 -57.1548805 12.7449055 4.93739986 -57.1548805 0.5 1.22003746 -0.358861625 2.04293728 -0.358861625 1.22003746 -0.514305055 2.10790851e-09 0.857607305
FACE __mirrorClone_P_TEXT.JPG#10 rooms::mirUV 17.8980751 4.93739986 -54.3113937 17.8980751 18.5152493 -49.3739929 17.8980751 18.5152493 -54.3113937 -3.25448155 1.22003746 -4.07738161 -1.0429374 -3.25448155 -1.0429374 1 0 0
FACE __mirrorClone_P_TEXT.JPG#10 rooms 49.3740005 18.5152493 -36.4133224 49.3740005 0 -62.9518433 49.3740005 18.5152493 -62.9518433 -6.23749352 -1.0429374 -1.81440663 2.04293728 -1.81440663 -1.0429374 -1 0 0
FACE __mirrorClone_P_TEXT.JPG#10 rooms::mirUV 17.8980751 18.5152493 -49.3739929 17.8980751 4.93739986 -54.3113937 17.8980751 4.93739986 -49.3739929 -4.07738161 -1.0429374 -3.25448155 1.22003746 -4.07738161 1.22003746 1 0 0
FACE __mirrorClone_P_TEXT.JPG#10 rooms 9.98394775 4.93739986 -53.3084488 17.8980751 0 -49.3739929 17.8980751 4.93739986 -49.3739929 -0.819021225 1.22003746 0.5 2.04293728 0.5 1.22003746 0.445166051 -3.15797877e-09 -0.895448029
FACE __mirrorClone_P_TEXT.JPG#10 rooms -2.46869993 4.93739986 -50.9045868 2.46869993 0 -50.9045868 2.46869993 4.93739986 -50.9045868 -2.89446259 1.22003746 -2.07156253 2.04293728 -2.07156253 1.22003746 0 0 -0.99999994
FACE __mirrorClone_P_TEXT.JPG#10 floor::mirUV 49.3740005 0 -36.4133224 17.8980751 0 -62.9518433 49.3740005 0 -62.9518433 3.81106114 5.59415102 1.70900583 3.85491133 3.83063674 3.84728122 0 1 0
FACE __mirrorClone_P_TEXT.JPG#10 floor::mirUV 9.98394775 0 -53.3084488 17.8980751 0 -54.3113937 17.8980751 0 -49.3739929 1.17092979 4.48973703 1.70606351 4.42274523 1.70418382 4.74690247 0 1 0
FACE __mirrorClone_P_TEXT.JPG#10 floor::mirUV 17.8980751 0 -54.3113937 9.98394775 0 -53.3084488 12.7449055 0 -57.4017372 1.70606351 4.42274523 1.17092979 4.48973703 1.35879791 4.22055912 0 1 0
FACE __mirrorClone_P_TEXT.JPG#10 rooms 17.8980751 0 -49.3739929 9.98394775 4.93739986 -53.3084488 9.98394775 0 -53.3084488 0.5 2.04293728 -0.819021225 1.22003746 -0.819021225 2.04293728 0.445166051 -3.15797877e-09 -0.895448029
FACE __mirrorClone_P_TEXT.JPG#10 rooms::mirUV 12.7449055 0 -57.4017372 17.8980751 4.93739986 -54.3113937 17.8980751 0 -54.3113937 -0.358861625 2.04293728 0.5 1.22003746 0.5 2.04293728 -0.514305055 2.10790851e-09 0.857607305
FACE __mirrorClone_P_TEXT.JPG#10 rooms::mirUV 9.98394775 4.93739986 -53.3084488 5.51533461 0 -60.633873 9.98394775 0 -53.3084488 -3.4216392 1.22003746 -2.20073509 2.04293728 -3.4216392 2.04293728 0.853698254 0 -0.520768106
FACE __mirrorClone_P_TEXT.JPG#10 rooms 2.46869993 0 -50.9045868 -2.46869993 4.93739986 -50.9045868 -2.46869993 0 -50.9045868 -2.07156253 2.04293728 -2.89446259 1.22003746 -2.89446259 2.04293728 0 0 -0.99999994
FACE __mirrorClone_P_TEXT.JPG#10 rooms 17.8980751 0 -36.4133224 49.3740005 18.5152493 -36.4133224 17.8980751 18.5152493 -36.4133224 0.5 2.04293728 5.74598742 -1.0429374 0.5 -1.0429374 0 0 -1
FACE __mirrorClone_P_TEXT.JPG#10 rooms::mirUV 17.8980751 0 -49.3739929 17.8980751 18.5152493 -36.4133224 17.8980751 18.5152493 -49.3739929 -4.07738161 2.04293728 -6.23749352 -1.0429374 -4.07738161 -1.0429374 0.99999994 0 0
FACE __mirrorClone_P_TEXT.JPG#10 rooms 49.3740005 0 -62.9518433 49.3740005 18.5152493 -36.4133224 49.3740005 0 -36.4133224 -1.81440663 2.04293728 -6.23749352 -1.0429374 -6.23749352 2.04293728 -1 0 0
FACE __mirrorClone_P_TEXT.JPG#10 rooms 49.3740005 18.5152493 -36.4133224 17.8980751 0 -36.4133224 49.3740005 0 -36.4133224 5.74598742 -1.0429374 0.5 2.04293728 5.74598742 2.04293728 0 0 -1
FACE __mirrorClone_P_TEXT.JPG#10 rooms::mirUV 17.8980751 18.5152493 -36.4133224 17.8980751 0 -49.3739929 17.8980751 0 -36.4133224 -6.23749352 -1.0429374 -4.07738161 2.04293728 -6.23749352 2.04293728 0.99999994 0 0
FACE __mirrorClone_P_TEXT.JPG#10 floor::mirUV 17.8980751 0 -62.9518433 49.3740005 0 -36.4133224 17.8980751 0 -36.4133224 1.70900583 3.85491133 3.81106114 5.59415102 1.69857442 5.59702826 0 1 0
FACE __mirrorClone_P_TEXT.JPG#6 rooms::mirUV 101.292488 8.27014446 -5.55457497 95.1207352 7.46781731 -4.93739986 100.058144 7.46781731 -4.93739986 -3.10018754 0.664580047 -2.07156253 0.79830122 -2.89446259 0.79830122 1.07912596e-10 -0.609710991 -0.792623758
FACE __mirrorClone_P_TEXT.JPG#6 rooms::mirUV 93.8863907 8.27014446 -5.55457497 95.1207352 4.99911785 -4.93739986 95.1207352 7.46781731 -4.93739986 -1.86583757 0.664580047 -2.07156253 1.20975113 -2.07156253 0.79830122 0.44721368 6.37823072e-10 -0.894427121
FACE __mirrorClone_P_TEXT.JPG#6 rooms 95.1207352 7.46781731 -2.46869993 93.916069 4.99911785 3.53382063 95.1207352 7.46781731 3.7030499 6.00314331 0.79830122 7.0035634 1.20975113 7.03176832 0.79830122 0.898706436 -0.43855074 0
FACE __mirrorClone_P_TEXT.JPG#6 rooms 93.916069 4.99911785 -2.63978124 93.916069 4.99911785 3.53382063 95.1207352 7.46781731 -2.46869993 5.97462988 1.20975113 7.0035634 1.20975113 6.00314331 0.79830122 0.898706436 -0.43855074 0
FACE __mirrorClone_P_TEXT.JPG#6 rooms 93.916069 4.99911785 -2.63978124 95.1207352 7.46781731 -4.93739986 95.1207352 4.99911785 -4.93739986 5.97462988 1.20975113 5.5916934 0.79830122 5.5916934 1.20975113 0.885647476 1.65269096e-08 0.4643583
FACE __mirrorClone_P_TEXT.JPG#6 rooms 95.1207352 7.46781731 -4.93739986 93.916069 4.99911785 -2.63978124 95.1207352 7.46781731 -2.46869993 5.5916934 0.79830122 5.97462988 1.20975113 6.00314331 0.79830122 0.898706436 -0.43855074 0
FACE __mirrorClone_P_TEXT.JPG#6 rooms 93.916069 4.99911785 3.53382063 95.1207352 5.49285793 4.93739986 95.1207352 7.46781731 3.7030499 7.0035634 1.20975113 7.23749352 1.12746119 7.03176832 0.79830122 0.769588828 -0.338425457 -0.541480601
FACE __mirrorClone_P_TEXT.JPG#6 rooms 95.1207352 5.49285793 4.93739986 93.916069 4.99911785 3.53382063 95.1207352 4.99911785 4.93739986 7.23749352 1.12746119 7.0035634 1.20975113 7.23749352 1.20975113 0.758826911 -0 -0.651292443
FACE __mirrorClone_P_TEXT.JPG#6 rooms::mirUV 100.058144 4.99911785 -4.93739986 101.292488 8.27014446 -5.55457497 100.058144 7.46781731 -4.93739986 -2.89446259 1.20975113 -3.10018754 0.664580047 -2.89446259 0.79830122 -0.44721368 0 -0.89442718
FACE __mirrorClone_P_TEXT.JPG#6 rooms::mirUV 100.058144 7.46781731 -4.93739986 101.26281 4.99911785 -2.63978124 100.058144 4.99911785 -4.93739986 5.5916934 0.79830122 5.97462988 1.20975113 5.5916934 1.20975113 -0.885647476 0 0.4643583
FACE __mirrorClone_P_TEXT.JPG#6 rooms::mirUV 101.26281 4.99911785 -2.63978124 100.058144 7.46781731 -4.93739986 100.058144 7.46781731 -2.46869993 5.97462988 1.20975113 5.5916934 0.79830122 6.00314331 0.79830122 -0.898706436 -0.4385508 0
FACE __mirrorClone_P_TEXT.JPG#6 rooms::mirUV 100.058144 7.46781731 -2.46869993 101.26281 4.99911785 3.53382063 101.26281 4.99911785 -2.63978124 6.00314331 0.79830122 7.0035634 1.20975113 5.97462988 1.20975113 -0.898706377 -0.43855074 0
FACE __mirrorClone_P_TEXT.JPG#6 rooms::mirUV 100.058144 7.46781731 3.7030499 101.26281 4.99911785 3.53382063 100.058144 7.46781731 -2.46869993 7.03176832 0.79830122 7.0035634 1.20975113 6.00314331 0.79830122 -0.898706436 -0.43855074 0
FACE __mirrorClone_P_TEXT.JPG#6 rooms::mirUV 100.058144 5.49285793 4.93739986 101.26281 4.99911785 3.53382063 100.058144 7.46781731 3.7030499 7.23749352 1.12746119 7.0035634 1.20975113 7.03176832 0.79830122 -0.769588828 -0.338425457 -0.541480601
FACE __mirrorClone_P_TEXT.JPG#6 rooms::mirUV 100.058144 4.99911785 4.93739986 101.26281 4.99911785 3.53382063 100.058144 5.49285793 4.93739986 7.23749352 1.20975113 7.0035634 1.20975113 7.23749352 1.12746119 -0.758826911 0 -0.651292443
FACE __mirrorClone_P_TEXT.JPG#6 rooms::mirUV 95.1207352 4.99911785 4.93739986 100.058144 5.49285793 4.93739986 95.1207352 5.49285793 4.93739986 -2.07156253 1.20975113 -2.89446259 1.12746119 -2.07156253 1.12746119 0 0 -1
FACE __mirrorClone_P_TEXT.JPG#6 rooms::mirUV 100.058144 5.49285793 4.93739986 95.1207352 4.99911785 4.93739986 100.058144 4.99911785 4.93739986 -2.89446259 1.12746119 -2.07156253 1.20975113 -2.89446259 1.20975113 0 0 -1
FACE __mirrorClone_P_TEXT.JPG#6 rooms::mirUV 100.058144 7.46781731 3.7030499 95.1207352 5.49285793 4.93739986 100.058144 5.49285793 4.93739986 -2.89446259 0.79830122 -2.07156253 1.12746119 -2.89446259 1.12746119 6.39086117e-09 -0.529999018 -0.847998202
FACE __mirrorClone_P_TEXT.JPG#6 rooms::mirUV 95.1207352 5.49285793 4.93739986 100.058144 7.46781731 3.7030499 95.1207352 7.46781731 3.7030499 -2.07156253 1.12746119 -2.89446259 0.79830122 -2.07156253 0.79830122 6.39086117e-09 -0.529999018 -0.847998202
FACE __mirrorClone_P_TEXT.JPG#6 rooms::mirUV 95.1207352 4.99911785 -4.93739986 93.8863907 0 -5.55457497 95.1207352 2.53041744 -4.93739986 -2.07156253 1.20975113 -1.86583757 2.04293728 -2.07156253 1.62120116 0.44721368 -0 -0.89442718
FACE __mirrorClone_P_TEXT.JPG#6 rooms 93.916069 4.99911785 -2.63978124 93.916069 2.53041744 3.53382063 93.916069 4.99911785 3.53382063 5.97462988 1.20975113 7.0035634 1.62120116 7.0035634 1.20975113 1 0 0
FACE __mirrorClone_P_TEXT.JPG#6 rooms 93.916069 2.53041744 3.53382063 93.916069 4.99911785 -2.63978124 93.916069 2.53041744 -2.63978124 7.0035634 1.62120116 5.97462988 1.20975113 5.97462988 1.62120116 1 0 0
FACE __mirrorClone_P_TEXT.JPG#6 rooms 93.916069 2.53041744 -2.63978124 95.1207352 4.99911785 -4.93739986 95.1207352 2.53041744 -4.93739986 5.97462988 1.62120116 5.5916934 1.20975113 5.5916934 1.62120116 0.885647476 1.65269007e-08 0.46435827
FACE __mirrorClone_P_TEXT.JPG#6 rooms 95.1207352 4.99911785 -4.93739986 93.916069 2.53041744 -2.63978124 93.916069 4.99911785 -2.63978124 5.5916934 1.20975113 5.97462988 1.62120116 5.97462988 1.20975113 0.885647476 1.65269007e-08 0.46435827
FACE __mirrorClone_P_TEXT.JPG#6 rooms 95.1207352 4.99911785 4.93739986 93.916069 2.53041744 3.53382063 95.1207352 2.53041744 4.93739986 7.23749352 1.20975113 7.0035634 1.62120116 7.23749352 1.62120116 0.758826852 -0 -0.651292384
FACE __mirrorClone_P_TEXT.JPG#6 rooms 93.916069 2.53041744 3.53382063 95.1207352 4.99911785 4.93739986 93.916069 4.99911785 3.53382063 7.0035634 1.62120116 7.23749352 1.20975113 7.0035634 1.20975113 0.758826852 0 -0.651292384
FACE __mirrorClone_P_TEXT.JPG#6 rooms::mirUV 100.058144 2.53041744 -4.93739986 101.292488 0 -5.55457497 100.058144 4.99911785 -4.93739986 -2.89446259 1.62120116 -3.10018754 2.04293728 -2.89446259 1.20975113 -0.44721368 0 -0.89442718
FACE __mirrorClone_P_TEXT.JPG#6 rooms::mirUV 101.26281 2.53041744 3.53382063 101.26281 4.99911785 -2.63978124 101.26281 4.99911785 3.53382063 7.0035634 1.62120116 5.97462988 1.20975113 7.0035634 1.20975113 -1 0 0
FACE __mirrorClone_P_TEXT.JPG#6 rooms::mirUV 101.26281 4.99911785 -2.63978124 101.26281 2.53041744 3.53382063 101.26281 2.53041744 -2.63978124 5.97462988 1.20975113 7.0035634 1.62120116 5.97462988 1.62120116 -1 0 0
FACE __mirrorClone_P_TEXT.JPG#6 rooms::mirUV 101.26281 4.99911785 -2.63978124 100.058144 2.53041744 -4.93739986 100.058144 4.99911785 -4.93739986 5.97462988 1.20975113 5.5916934 1.62120116 5.5916934 1.20975113 -0.885647476 -1.65269007e-08 0.46435827
FACE __mirrorClone_P_TEXT.JPG#6 rooms::mirUV 100.058144 2.53041744 -4.93739986 101.26281 4.99911785 -2.63978124 101.26281 2.53041744 -2.63978124 5.5916934 1.62120116 5.97462988 1.20975113 5.97462988 1.62120116 -0.885647476 -1.65269007e-08 0.46435827
FACE __mirrorClone_P_TEXT.JPG#6 rooms::mirUV 101.26281 4.99911785 3.53382063 100.058144 2.53041744 4.93739986 101.26281 2.53041744 3.53382063 7.0035634 1.20975113 7.23749352 1.62120116 7.0035634 1.62120116 -0.758826852 0 -0.651292384
FACE __mirrorClone_P_TEXT.JPG#6 rooms::mirUV 100.058144 2.53041744 4.93739986 101.26281 4.99911785 3.53382063 100.058144 4.99911785 4.93739986 7.23749352 1.62120116 7.0035634 1.20975113 7.23749352 1.20975113 -0.758826852 0 -0.651292384
FACE __mirrorClone_P_TEXT.JPG#6 rooms::mirUV 95.1207352 2.53041744 -4.93739986 93.8863907 0 -5.55457497 95.1207352 3.67864983e-09 -4.93739986 -2.07156253 1.62120116 -1.86583757 2.04293728 -2.07156253 2.04293728 0.44721362 -0 -0.894427121
FACE __mirrorClone_P_TEXT.JPG#6 rooms 95.1207352 3.67864983e-09 -4.93739986 93.916069 2.53041744 -2.63978124 95.1207352 2.53041744 -4.93739986 5.5916934 2.04293728 5.97462988 1.62120116 5.5916934 1.62120116 0.885647416 0 0.464358211
FACE __mirrorClone_P_TEXT.JPG#6 rooms 93.916069 2.53041744 -2.63978124 95.1207352 3.67864983e-09 -4.93739986 95.1207352 3.67864983e-09 -2.46869993 5.97462988 1.62120116 5.5916934 2.04293728 6.00314331 2.04293728 0.902899921 0.429850757 0
FACE __mirrorClone_P_TEXT.JPG#6 rooms 93.916069 2.53041744 3.53382063 95.1207352 3.67864983e-09 -2.46869993 95.1207352 3.67864983e-09 3.7030499 7.0035634 1.62120116 6.00314331 2.04293728 7.03176832 2.04293728 0.902899981 0.429850757 0
FACE __mirrorClone_P_TEXT.JPG#6 rooms 95.1207352 3.67864983e-09 -2.46869993 93.916069 2.53041744 3.53382063 93.916069 2.53041744 -2.63978124 6.00314331 2.04293728 7.0035634 1.62120116 5.97462988 1.62120116 0.902899921 0.429850727 0
FACE __mirrorClone_P_TEXT.JPG#6 rooms 95.1207352 2.53041744 4.93739986 95.1207352 3.67864983e-09 3.7030499 95.1207352 3.67864983e-09 4.93739986 7.23749352 1.62120116 7.03176832 2.04293728 7.23749352 2.04293728 0.99999994 0 0
FACE __mirrorClone_P_TEXT.JPG#6 rooms 93.916069 2.53041744 3.53382063 95.1207352 3.67864983e-09 3.7030499 95.1207352 2.53041744 4.93739986 7.0035634 1.62120116 7.03176832 2.04293728 7.23749352 1.62120116 0.723205507 0.302789718 -0.620718956
FACE __mirrorClone_P_TEXT.JPG#6 rooms::mirUV 100.058144 3.67864983e-09 -4.93739986 101.292488 0 -5.55457497 100.058144 2.53041744 -4.93739986 -2.89446259 2.04293728 -3.10018754 2.04293728 -2.89446259 1.62120116 -0.44721362 0 -0.894427121
FACE __mirrorClone_P_TEXT.JPG#6 floor::mirUV 93.8863907 0 -5.55457497 100.058144 3.67864983e-09 -4.93739986 95.1207352 3.67864983e-09 -4.93739986 0.751844108 0.959863305 0.331779748 0.91891247 0.667856455 0.918842196 2.69446127e-17 1 -5.96046368e-09
FACE __mirrorClone_P_TEXT.JPG#6 rooms::mirUV 101.26281 2.53041744 -2.63978124 100.058144 3.67864983e-09 -4.93739986 100.058144 2.53041744 -4.93739986 5.97462988 1.62120116 5.5916934 2.04293728 5.5916934 1.62120116 -0.885647416 -1.61238081e-08 0.464358211
FACE __mirrorClone_P_TEXT.JPG#6 rooms::mirUV 100.058144 3.67864983e-09 -4.93739986 101.26281 2.53041744 -2.63978124 100.058144 3.67864983e-09 -2.46869993 5.5916934 2.04293728 5.97462988 1.62120116 6.00314331 2.04293728 -0.902899921 0.429850727 0
FACE __mirrorClone_P_TEXT.JPG#6 rooms::mirUV 101.26281 2.53041744 3.53382063 100.058144 3.67864983e-09 -2.46869993 101.26281 2.53041744 -2.63978124 7.0035634 1.62120116 6.00314331 2.04293728 5.97462988 1.62120116 -0.902899981 0.429850727 0
FACE __mirrorClone_P_TEXT.JPG#6 rooms::mirUV 101.26281 2.53041744 3.53382063 100.058144 3.67864983e-09 3.7030499 100.058144 3.67864983e-09 -2.46869993 7.0035634 1.62120116 7.03176832 2.04293728 6.00314331 2.04293728 -0.902899981 0.429850757 0
FACE __mirrorClone_P_TEXT.JPG#6 floor::mirUV 95.1207352 3.67864983e-09 -2.46869993 100.058144 3.67864983e-09 3.7030499 95.1207352 3.67864983e-09 3.7030499 0.667952895 0.754472613 0.332094669 0.342933446 0.668177128 0.342986256 0 0.99999994 0
FACE __mirrorClone_P_TEXT.JPG#6 floor::mirUV 100.058144 3.67864983e-09 3.7030499 95.1207352 3.67864983e-09 -2.46869993 100.058144 3.67864983e-09 -2.46869993 0.332094669 0.342933446 0.667952895 0.754472613 0.331866384 0.75450784 0 0.99999994 0
FACE __mirrorClone_P_TEXT.JPG#6 floor::mirUV 100.058144 3.67864983e-09 -2.46869993 95.1207352 3.67864983e-09 -4.93739986 100.058144 3.67864983e-09 -4.93739986 0.331866384 0.75450784 0.667856455 0.918842196 0.331779748 0.91891247 0 0.99999994 0
FACE __mirrorClone_P_TEXT.JPG#6 floor::mirUV 95.1207352 3.67864983e-09 -4.93739986 100.058144 3.67864983e-09 -2.46869993 95.1207352 3.67864983e-09 -2.46869993 0.667856455 0.918842196 0.331866384 0.75450784 0.667952895 0.754472613 0 0.99999994 0
FACE __mirrorClone_P_TEXT.JPG#6 rooms::mirUV 100.058144 2.53041744 4.93739986 100.058144 3.67864983e-09 3.7030499 101.26281 2.53041744 3.53382063 7.23749352 1.62120116 7.03176832 2.04293728 7.0035634 1.62120116 -0.723205507 0.302789718 -0.620718956
FACE __mirrorClone_P_TEXT.JPG#6 rooms::mirUV 100.058144 3.67864983e-09 4.93739986 100.058144 3.67864983e-09 3.7030499 100.058144 2.53041744 4.93739986 7.23749352 2.04293728 7.03176832 2.04293728 7.23749352 1.62120116 -0.99999994 0 0
FACE __mirrorClone_P_TEXT.JPG#6 floor::mirUV 95.1207352 3.67864983e-09 3.7030499 100.058144 3.67864983e-09 4.93739986 95.1207352 3.67864983e-09 4.93739986 0.668177128 0.342986256 0.332143515 0.260522217 0.668220222 0.26059249 0 0.99999994 0
FACE __mirrorClone_P_TEXT.JPG#6 floor::mirUV 100.058144 3.67864983e-09 4.93739986 95.1207352 3.67864983e-09 3.7030499 100.058144 3.67864983e-09 3.7030499 0.332143515 0.260522217 0.668177128 0.342986256 0.332094669 0.342933446 0 0.99999994 0
FACE __mirrorClone_P_TEXT.JPG#6 rooms::mirUV 93.8863907 8.27014446 -5.55457497 101.292488 12.3435001 -5.55457497 93.8863907 12.3435001 -5.55457497 -1.86583757 0.664580047 -3.10018754 -0.0143125653 -1.86583757 -0.0143125653 0 0 -0.99999994
FACE __mirrorClone_P_TEXT.JPG#6 rooms::mirUV 101.292488 12.3435001 -5.55457497 93.8863907 8.27014446 -5.55457497 101.292488 8.27014446 -5.55457497 -3.10018754 -0.0143125653 -1.86583757 0.664580047 -3.10018754 0.664580047 0 0 -0.99999994
FACE __mirrorClone_P_TEXT.JPG#6 rooms 85.2459335 12.3435001 -18.5152493 85.2459335 0 -5.55457497 85.2459335 12.3435001 -5.55457497 3.32871842 -0.0143125653 5.48883104 2.04293728 5.48883104 -0.0143125653 0.99999994 0 0
FACE __mirrorClone_P_TEXT.JPG#6 rooms::mirUV 85.2459335 12.3435001 -5.55457497 93.8863907 0 -5.55457497 93.8863907 12.3435001 -5.55457497 -0.425762475 -0.0143125653 -1.86583757 2.04293728 -1.86583757 -0.0143125653 0 0 -0.99999994
FACE __mirrorClone_P_TEXT.JPG#6 rooms::mirUV 95.1207352 7.46781731 -4.93739986 101.292488 8.27014446 -5.55457497 93.8863907 8.27014446 -5.55457497 -2.07156253 0.79830122 -3.10018754 0.664580047 -1.86583757 0.664580047 7.19417304e-11 -0.609710932 -0.792623758
FACE __mirrorClone_P_TEXT.JPG#6 rooms::mirUV 109.932945 12.3435001 -5.55457497 109.932945 0 -18.5152493 109.932945 12.3435001 -18.5152493 5.48883104 -0.0143125653 3.32871842 2.04293728 3.32871842 -0.0143125653 -0.99999994 0 0
FACE __mirrorClone_P_TEXT.JPG#6 rooms::mirUV 101.292488 12.3435001 -5.55457497 109.932945 0 -5.55457497 109.932945 12.3435001 -5.55457497 -3.10018754 -0.0143125653 -4.5402627 2.04293728 -4.5402627 -0.0143125653 0 0 -0.99999994
FACE __mirrorClone_P_TEXT.JPG#6 rooms 85.2459335 0 -5.55457497 85.2459335 12.3435001 -18.5152493 85.2459335 0 -18.5152493 5.48883104 2.04293728 3.32871842 -0.0143125653 3.32871842 2.04293728 0.99999994 0 0
FACE __mirrorClone_P_TEXT.JPG#6 rooms::mirUV 93.8863907 0 -5.55457497 85.2459335 12.3435001 -5.55457497 85.2459335 0 -5.55457497 -1.86583757 2.04293728 -0.425762475 -0.0143125653 -0.425762475 2.04293728 0 0 -0.99999994
FACE __mirrorClone_P_TEXT.JPG#6 rooms::mirUV 93.8863907 0 -5.55457497 95.1207352 4.99911785 -4.93739986 93.8863907 8.27014446 -5.55457497 -1.86583757 2.04293728 -2.07156253 1.20975113 -1.86583757 0.664580047 0.44721368 0 -0.89442718
FACE __mirrorClone_P_TEXT.JPG#6 rooms::mirUV 100.058144 4.99911785 -4.93739986 101.292488 0 -5.55457497 101.292488 8.27014446 -5.55457497 -2.89446259 1.20975113 -3.10018754 2.04293728 -3.10018754 0.664580047 -0.44721365 -1.90394922e-10 -0.89442718
FACE __mirrorClone_P_TEXT.JPG#6 rooms::mirUV 109.932945 0 -18.5152493 109.932945 12.3435001 -5.55457497 109.932945 0 -5.55457497 3.32871842 2.04293728 5.48883104 -0.0143125653 5.48883104 2.04293728 -0.99999994 0 0
FACE __mirrorClone_P_TEXT.JPG#6 rooms::mirUV 109.932945 0 -5.55457497 101.292488 12.3435001 -5.55457497 101.292488 0 -5.55457497 -4.5402627 2.04293728 -3.10018754 -0.0143125653 -3.10018754 2.04293728 0 0 -0.99999994
FACE __mirrorClone_P_TEXT.JPG#6 floor::mirUV 85.2459335 0 -18.5152493 109.932945 0 -5.55457497 85.2459335 0 -5.55457497 1.33865142 1.81953895 -0.340319604 0.959543884 1.33977222 0.959152758 0 0.99999994 0
FACE __mirrorClone_P_TEXT.JPG#6 floor::mirUV 109.932945 0 -5.55457497 85.2459335 0 -18.5152493 109.932945 0 -18.5152493 -0.340319604 0.959543884 1.33865142 1.81953895 -0.340618134 1.82078135 0 0.99999994 0
FACE __mirrorClone_P_TEXT.JPG#6 floor::mirUV 100.058144 3.67864983e-09 -4.93739986 93.8863907 0 -5.55457497 101.292488 0 -5.55457497 0.331779748 0.91891247 0.751844108 0.959863305 0.247738495 0.95998168 1.79630773e-17 1 -5.96046412e-09
FACE __mirrorClone_P_TEXT.JPG#6 rooms 85.2459335 12.3435001 -24.6870003 85.2459335 7.4060998 -18.5152493 85.2459335 12.3435001 -18.5152493 2.30009317 -0.0143125653 3.32871842 0.808587432 3.32871842 -0.0143125653 1 0 0
FACE __mirrorClone_P_TEXT.JPG#6 rooms::mirUV 109.932945 7.4060998 -18.5152493 109.932945 12.3435001 -24.6870003 109.932945 12.3435001 -18.5152493 3.32871842 0.808587432 2.30009317 -0.0143125653 3.32871842 -0.0143125653 -1 0 0
FACE __mirrorClone_P_TEXT.JPG#6 rooms 85.2459335 7.4060998 -18.5152493 85.2459335 12.3435001 -24.6870003 85.2459335 7.4060998 -24.6870003 3.32871842 0.808587432 2.30009317 -0.0143125653 2.30009317 0.808587432 1 0 0
FACE __mirrorClone_P_TEXT.JPG#6 rooms 84.0115891 6.78892469 -24.0698261 85.2459335 7.4060998 -19.1324253 85.2459335 7.4060998 -24.0698261 -0.220037639 -1.40295565 -0.425762475 -2.22585583 -0.425762475 -1.40295565 0.447213858 -0.894427001 0
FACE __mirrorClone_P_TEXT.JPG#6 rooms 85.2459335 7.4060998 -19.1324253 84.0115891 6.78892469 -24.0698261 84.0115891 6.78892469 -19.1324253 -0.425762475 -2.22585583 -0.220037639 -1.40295565 -0.220037639 -2.22585583 0.447213858 -0.894427001 0
FACE __mirrorClone_P_TEXT.JPG#6 rooms 85.2459335 7.4060998 -19.1324253 85.2459335 6.78892469 -18.5152493 85.2459335 7.4060998 -18.5152493 3.22585583 0.808587432 3.32871842 0.911450028 3.32871842 0.808587432 1 0 0
FACE __mirrorClone_P_TEXT.JPG#6 rooms 85.2459335 6.78892469 -18.5152493 85.2459335 7.4060998 -19.1324253 84.0115891 6.78892469 -19.1324253 -0.425762475 -2.32871842 -0.425762475 -2.22585583 -0.220037639 -2.22585583 0.33333376 -0.666667044 -0.666666031
FACE __mirrorClone_P_TEXT.JPG#6 rooms 84.0115891 6.78892469 -24.0698261 85.2459335 7.4060998 -24.6870003 85.2459335 6.78892469 -24.6870003 -0.220037639 0.911450028 -0.425762475 0.808587432 -0.425762475 0.911450028 0.447213352 8.34396019e-09 0.894427359
FACE __mirrorClone_P_TEXT.JPG#6 rooms 85.2459335 7.4060998 -24.6870003 84.0115891 6.78892469 -24.0698261 85.2459335 7.4060998 -24.0698261 -0.425762475 -1.30009329 -0.220037639 -1.40295565 -0.425762475 -1.40295565 0.447213858 -0.894427001 0
FACE __mirrorClone_P_TEXT.JPG#6 rooms::mirUV 109.932945 12.3435001 -24.6870003 109.932945 7.4060998 -18.5152493 109.932945 7.4060998 -24.6870003 2.30009317 -0.0143125653 3.32871842 0.808587432 2.30009317 0.808587432 -1 0 0
FACE __mirrorClone_P_TEXT.JPG#6 rooms 109.932945 7.4060998 -19.1324253 111.16729 6.78892469 -24.0698261 109.932945 7.4060998 -24.0698261 -4.5402627 -2.22585583 -4.74598742 -1.40295565 -4.5402627 -1.40295565 -0.447213858 -0.894427001 0
FACE __mirrorClone_P_TEXT.JPG#6 rooms 111.16729 6.78892469 -24.0698261 109.932945 7.4060998 -19.1324253 111.16729 6.78892469 -19.1324253 -4.74598742 -1.40295565 -4.5402627 -2.22585583 -4.74598742 -2.22585583 -0.447213858 -0.894427001 0
FACE __mirrorClone_P_TEXT.JPG#6 rooms::mirUV 111.16729 6.78892469 -19.1324253 109.932945 7.4060998 -18.5152493 109.932945 6.78892469 -18.5152493 -4.74598742 0.911450028 -4.5402627 0.808587432 -4.5402627 0.911450028 -0.447214395 -2.65887454e-08 -0.894426763
FACE __mirrorClone_P_TEXT.JPG#6 rooms 109.932945 7.4060998 -18.5152493 111.16729 6.78892469 -19.1324253 109.932945 7.4060998 -19.1324253 -4.5402627 -2.32871842 -4.74598742 -2.22585583 -4.5402627 -2.22585583 -0.447213888 -0.894427061 0
FACE __mirrorClone_P_TEXT.JPG#6 rooms 109.932945 7.4060998 -24.6870003 111.16729 6.78892469 -24.0698261 109.932945 6.78892469 -24.6870003 -4.5402627 0.808587432 -4.74598742 0.911450028 -4.5402627 0.911450028 -0.447213352 0 0.894427359
FACE __mirrorClone_P_TEXT.JPG#6 rooms 111.16729 6.78892469 -24.0698261 109.932945 7.4060998 -24.6870003 109.932945 7.4060998 -24.0698261 -4.74598742 -1.40295565 -4.5402627 -1.30009329 -4.5402627 -1.40295565 -0.447213858 -0.894427001 0
FACE __mirrorClone_P_TEXT.JPG#6 rooms 84.0115891 6.78892469 -24.0698261 84.0115891 3.08587503 -19.1324253 84.0115891 6.78892469 -19.1324253 2.40295553 0.911450028 3.22585583 1.52862489 3.22585583 0.911450028 1 0 0
FACE __mirrorClone_P_TEXT.JPG#6 rooms::mirUV 84.0115891 6.78892469 -19.1324253 85.2459335 3.08587503 -18.5152493 85.2459335 6.78892469 -18.5152493 -0.220037639 0.911450028 -0.425762475 1.52862489 -0.425762475 0.911450028 0.447214395 4.43145876e-09 -0.894426763
FACE __mirrorClone_P_TEXT.JPG#6 rooms 85.2459335 3.08587503 -24.6870003 84.0115891 6.78892469 -24.0698261 85.2459335 6.78892469 -24.6870003 -0.425762475 1.52862489 -0.220037639 0.911450028 -0.425762475 0.911450028 0.447213322 0 0.894427299
FACE __mirrorClone_P_TEXT.JPG#6 rooms::mirUV 111.16729 3.08587503 -19.1324253 111.16729 6.78892469 -24.0698261 111.16729 6.78892469 -19.1324253 3.22585583 1.52862489 2.40295553 0.911450028 3.22585583 0.911450028 -1 0 0
FACE __mirrorClone_P_TEXT.JPG#6 rooms::mirUV 109.932945 6.78892469 -18.5152493 111.16729 3.08587503 -19.1324253 111.16729 6.78892469 -19.1324253 -4.5402627 0.911450028 -4.74598742 1.52862489 -4.74598742 0.911450028 -0.447214395 -4.43145876e-09 -0.894426763
FACE __mirrorClone_P_TEXT.JPG#6 rooms 111.16729 6.78892469 -24.0698261 109.932945 3.08587503 -24.6870003 109.932945 6.78892469 -24.6870003 -4.74598742 0.911450028 -4.5402627 1.52862489 -4.5402627 0.911450028 -0.447213322 -1.39066025e-09 0.894427299
FACE __mirrorClone_P_TEXT.JPG#6 rooms 84.0115891 3.08587503 -19.1324253 84.0115891 6.78892469 -24.0698261 84.0115891 3.08587503 -24.0698261 3.22585583 1.52862489 2.40295553 0.911450028 2.40295553 1.52862489 1 0 0
FACE __mirrorClone_P_TEXT.JPG#6 rooms::mirUV 85.2459335 3.08587503 -18.5152493 84.0115891 6.78892469 -19.1324253 84.0115891 3.08587503 -19.1324253 -0.425762475 1.52862489 -0.220037639 0.911450028 -0.220037639 1.52862489 0.447214395 4.43145876e-09 -0.894426763
FACE __mirrorClone_P_TEXT.JPG#6 rooms::mirUV 85.2459335 2.46869993 -19.1324253 84.0115891 3.08587503 -24.0698261 85.2459335 2.46869993 -24.0698261 -0.425762475 -2.22585583 -0.220037639 -1.40295565 -0.425762475 -1.40295565 0.447213858 0.894427001 0
FACE __mirrorClone_P_TEXT.JPG#6 rooms::mirUV 84.0115891 3.08587503 -24.0698261 85.2459335 2.46869993 -19.1324253 84.0115891 3.08587503 -19.1324253 -0.220037639 -1.40295565 -0.425762475 -2.22585583 -0.220037639 -2.22585583 0.447213858 0.894427001 0
FACE __mirrorClone_P_TEXT.JPG#6 rooms::mirUV 84.0115891 3.08587503 -19.1324253 85.2459335 2.46869993 -18.5152493 85.2459335 3.08587503 -18.5152493 -0.220037639 1.52862489 -0.425762475 1.63148749 -0.425762475 1.52862489 0.447214395 2.65887454e-08 -0.894426763
FACE __mirrorClone_P_TEXT.JPG#6 rooms::mirUV 85.2459335 2.46869993 -18.5152493 84.0115891 3.08587503 -19.1324253 85.2459335 2.46869993 -19.1324253 -0.425762475 -2.32871842 -0.220037639 -2.22585583 -0.425762475 -2.22585583 0.447213888 0.894427061 0
FACE __mirrorClone_P_TEXT.JPG#6 rooms 84.0115891 6.78892469 -24.0698261 85.2459335 3.08587503 -24.6870003 84.0115891 3.08587503 -24.0698261 -0.220037639 0.911450028 -0.425762475 1.52862489 -0.220037639 1.52862489 0.447213322 0 0.894427299
FACE __mirrorClone_P_TEXT.JPG#6 rooms 85.2459335 2.46869993 -24.6870003 84.0115891 3.08587503 -24.0698261 85.2459335 3.08587503 -24.6870003 -0.425762475 1.63148749 -0.220037639 1.52862489 -0.425762475 1.52862489 0.447213352 0 0.894427359
FACE __mirrorClone_P_TEXT.JPG#6 rooms::mirUV 84.0115891 3.08587503 -24.0698261 85.2459335 2.46869993 -24.6870003 85.2459335 2.46869993 -24.0698261 -0.220037639 -1.40295565 -0.425762475 -1.30009329 -0.425762475 -1.40295565 0.447213858 0.894427001 0
FACE __mirrorClone_P_TEXT.JPG#6 rooms::mirUV 111.16729 6.78892469 -24.0698261 111.16729 3.08587503 -19.1324253 111.16729 3.08587503 -24.0698261 2.40295553 0.911450028 3.22585583 1.52862489 2.40295553 1.52862489 -1 0 0
FACE __mirrorClone_P_TEXT.JPG#6 rooms::mirUV 111.16729 3.08587503 -19.1324253 109.932945 6.78892469 -18.5152493 109.932945 3.08587503 -18.5152493 -4.74598742 1.52862489 -4.5402627 0.911450028 -4.5402627 1.52862489 -0.447214395 -4.43145876e-09 -0.894426763
FACE __mirrorClone_P_TEXT.JPG#6 rooms::mirUV 111.16729 3.08587503 -24.0698261 109.932945 2.46869993 -19.1324253 109.932945 2.46869993 -24.0698261 -4.74598742 -1.40295565 -4.5402627 -2.22585583 -4.5402627 -1.40295565 -0.447213858 0.894427001 0
FACE __mirrorClone_P_TEXT.JPG#6 rooms::mirUV 109.932945 2.46869993 -19.1324253 111.16729 3.08587503 -24.0698261 111.16729 3.08587503 -19.1324253 -4.5402627 -2.22585583 -4.74598742 -1.40295565 -4.74598742 -2.22585583 -0.447213858 0.894427001 0
FACE __mirrorClone_P_TEXT.JPG#6 rooms::mirUV 109.932945 2.46869993 -19.1324253 109.932945 3.08587503 -18.5152493 109.932945 2.46869993 -18.5152493 3.22585583 1.63148749 3.32871842 1.52862489 3.32871842 1.63148749 -1 0 0
FACE __mirrorClone_P_TEXT.JPG#6 rooms::mirUV 109.932945 3.08587503 -18.5152493 109.932945 2.46869993 -19.1324253 111.16729 3.08587503 -19.1324253 -4.5402627 -2.32871842 -4.5402627 -2.22585583 -4.74598742 -2.22585583 -0.33333376 0.666667044 -0.666666031
FACE __mirrorClone_P_TEXT.JPG#6 rooms 109.932945 3.08587503 -24.6870003 111.16729 6.78892469 -24.0698261 111.16729 3.08587503 -24.0698261 -4.5402627 1.52862489 -4.74598742 0.911450028 -4.74598742 1.52862489 -0.447213322 -1.39066025e-09 0.894427299
FACE __mirrorClone_P_TEXT.JPG#6 rooms 111.16729 3.08587503 -24.0698261 109.932945 2.46869993 -24.6870003 109.932945 3.08587503 -24.6870003 -4.74598742 1.52862489 -4.5402627 1.63148749 -4.5402627 1.52862489 -0.447213352 -8.34396019e-09 0.894427359
FACE __mirrorClone_P_TEXT.JPG#6 rooms::mirUV 109.932945 2.46869993 -24.6870003 111.16729 3.08587503 -24.0698261 109.932945 2.46869993 -24.0698261 -4.5402627 -1.30009329 -4.74598742 -1.40295565 -4.5402627 -1.40295565 -0.447213858 0.894427001 0
FACE __mirrorClone_P_TEXT.JPG#6 rooms 85.2459335 2.46869993 -18.5152493 85.2459335 0 -24.6870003 85.2459335 0 -18.5152493 3.32871842 1.63148749 2.30009317 2.04293728 3.32871842 2.04293728 0.99999994 0 0
FACE __mirrorClone_P_TEXT.JPG#6 rooms 85.2459335 0 -24.6870003 85.2459335 2.46869993 -18.5152493 85.2459335 2.46869993 -24.6870003 2.30009317 2.04293728 3.32871842 1.63148749 2.30009317 1.63148749 0.99999994 0 0
FACE __mirrorClone_P_TEXT.JPG#6 floor::mirUV 85.2459335 0 -24.6870003 109.932945 0 -18.5152493 85.2459335 0 -18.5152493 1.33789551 2.22809339 -0.340618134 1.82078135 1.33865142 1.81953895 0 1 0
FACE __mirrorClone_P_TEXT.JPG#6 floor::mirUV 109.932945 0 -18.5152493 85.2459335 0 -24.6870003 109.932945 0 -24.6870003 -0.340618134 1.82078135 1.33789551 2.22809339 -0.340678155 2.22968125 0 1 0
FACE __mirrorClone_P_TEXT.JPG#6 rooms::mirUV 109.932945 2.46869993 -24.6870003 109.932945 0 -18.5152493 109.932945 0 -24.6870003 2.30009317 1.63148749 3.32871842 2.04293728 2.30009317 2.04293728 -0.99999994 0 0
FACE __mirrorClone_P_TEXT.JPG#6 rooms::mirUV 109.932945 0 -18.5152493 109.932945 2.46869993 -24.6870003 109.932945 2.46869993 -18.5152493 3.32871842 2.04293728 2.30009317 1.63148749 3.32871842 1.63148749 -0.99999994 0 0
FACE __mirrorClone_P_TEXT.JPG#6 rooms 85.2459335 12.3435001 -37.0304985 85.2459335 0 -24.6870003 85.2459335 12.3435001 -24.6870003 0.242843628 -0.0143125653 2.30009317 2.04293728 2.30009317 -0.0143125653 1 0 0
FACE __mirrorClone_P_TEXT.JPG#6 rooms::mirUV 109.932945 12.3435001 -24.6870003 109.932945 0 -37.0304985 109.932945 12.3435001 -37.0304985 2.30009317 -0.0143125653 0.242843628 2.04293728 0.242843628 -0.0143125653 -1 0 0
FACE __mirrorClone_P_TEXT.JPG#6 rooms 85.2459335 0 -24.6870003 85.2459335 12.3435001 -37.0304985 85.2459335 0 -37.0304985 2.30009317 2.04293728 0.242843628 -0.0143125653 0.242843628 2.04293728 1 0 0
FACE __mirrorClone_P_TEXT.JPG#6 rooms::mirUV 109.932945 0 -37.0304985 109.932945 12.3435001 -24.6870003 109.932945 0 -24.6870003 0.242843628 2.04293728 2.30009317 -0.0143125653 2.30009317 2.04293728 -1 0 0
FACE __mirrorClone_P_TEXT.JPG#6 floor::mirUV 85.2459335 0 -37.0304985 109.932945 0 -24.6870003 85.2459335 0 -24.6870003 1.33588505 3.04316235 -0.340678155 2.22968125 1.33789551 2.22809339 0 1 0
FACE __mirrorClone_P_TEXT.JPG#6 floor::mirUV 109.932945 0 -24.6870003 85.2459335 0 -37.0304985 109.932945 0 -37.0304985 -0.340678155 2.22968125 1.33588505 3.04316235 -0.34073481 3.04525638 0 1 0
FACE __mirrorClone_P_TEXT.JPG#6 rooms 87.7146454 11.1091499 -37.0304985 85.2459335 12.3435001 -37.0304985 87.7146454 12.3435001 -37.0304985 -0.837212563 0.191412449 -0.425762475 -0.0143125653 -0.837212563 -0.0143125653 0 0 1
FACE __mirrorClone_P_TEXT.JPG#6 rooms 87.7146454 12.3435001 -37.0304985 92.6520386 12.3435001 -37.0304985 87.7146454 11.1091499 -37.0304985 -0.837212563 -0.0143125653 -1.66011262 -0.0143125653 -0.837212563 0.191412449 0 0 1
FACE __mirrorClone_P_TEXT.JPG#6 rooms 87.7146454 11.1091499 -37.0304985 85.2459335 4.93739986 -37.0304985 85.2459335 12.3435001 -37.0304985 -0.837212563 0.191412449 -0.425762475 1.22003746 -0.425762475 -0.0143125653 0 0 1
FACE __mirrorClone_P_TEXT.JPG#6 rooms 87.7146454 11.1091499 -37.0304985 92.6520386 12.3435001 -37.0304985 92.6520386 8.64045048 -37.0304985 -0.837212563 0.191412449 -1.66011262 -0.0143125653 -1.66011262 0.602862358 0 0 1
FACE __mirrorClone_P_TEXT.JPG#6 rooms 92.6520386 8.64045048 -37.0304985 95.1207352 12.3435001 -37.0304985 95.1207352 7.4060998 -37.0304985 -1.66011262 0.602862358 -2.07156253 -0.0143125653 -2.07156253 0.808587432 0 0 0.99999994
FACE __mirrorClone_P_TEXT.JPG#6 rooms 92.6520386 12.3435001 -37.0304985 95.1207352 12.3435001 -37.0304985 92.6520386 8.64045048 -37.0304985 -1.66011262 -0.0143125653 -2.07156253 -0.0143125653 -1.66011262 0.602862358 0 0 1
FACE __mirrorClone_P_TEXT.JPG#6 rooms 102.52684 4.93739986 -37.0304985 100.058144 12.3435001 -37.0304985 102.52684 12.3435001 -37.0304985 -3.30591273 1.22003746 -2.89446259 -0.0143125653 -3.30591273 -0.0143125653 0 0 1
FACE __mirrorClone_P_TEXT.JPG#6 rooms 95.1207352 12.3435001 -37.0304985 100.058144 12.3435001 -37.0304985 95.1207352 7.4060998 -37.0304985 -2.07156253 -0.0143125653 -2.89446259 -0.0143125653 -2.07156253 0.808587432 0 0 0.99999994
FACE __mirrorClone_P_TEXT.JPG#6 rooms 107.464233 4.93739986 -37.0304985 102.52684 12.3435001 -37.0304985 107.464233 12.3435001 -37.0304985 -4.12881231 1.22003746 -3.30591273 -0.0143125653 -4.12881231 -0.0143125653 0 0 1
FACE __mirrorClone_P_TEXT.JPG#6 rooms 109.932945 4.93739986 -37.0304985 107.464233 12.3435001 -37.0304985 109.932945 12.3435001 -37.0304985 -4.5402627 1.22003746 -4.12881231 -0.0143125653 -4.5402627 -0.0143125653 0 0 1
FACE __mirrorClone_P_TEXT.JPG#6 rooms 87.7146454 4.93739986 -37.0304985 85.2459335 4.93739986 -37.0304985 87.7146454 11.1091499 -37.0304985 -0.837212563 1.22003746 -0.425762475 1.22003746 -0.837212563 0.191412449 0 0 1
FACE __mirrorClone_P_TEXT.JPG#6 rooms 92.6520386 8.64045048 -37.0304985 87.7146454 4.93739986 -37.0304985 87.7146454 11.1091499 -37.0304985 -1.66011262 0.602862358 -0.837212563 1.22003746 -0.837212563 0.191412449 0 0 1
FACE __mirrorClone_P_TEXT.JPG#6 rooms 95.1207352 7.4060998 -37.0304985 92.6520386 4.93739986 -37.0304985 92.6520386 8.64045048 -37.0304985 -2.07156253 0.808587432 -1.66011262 1.22003746 -1.66011262 0.602862358 0 0 1
FACE __mirrorClone_P_TEXT.JPG#6 rooms 100.058144 12.3435001 -37.0304985 102.52684 4.93739986 -37.0304985 100.058144 4.93739986 -37.0304985 -2.89446259 -0.0143125653 -3.30591273 1.22003746 -2.89446259 1.22003746 0 0 1
FACE __mirrorClone_P_TEXT.JPG#6 rooms 95.1207352 7.4060998 -37.0304985 100.058144 12.3435001 -37.0304985 100.058144 4.93739986 -37.0304985 -2.07156253 0.808587432 -2.89446259 -0.0143125653 -2.89446259 1.22003746 0 0 1
FACE __mirrorClone_P_TEXT.JPG#6 rooms 102.52684 12.3435001 -37.0304985 107.464233 4.93739986 -37.0304985 102.52684 4.93739986 -37.0304985 -3.30591273 -0.0143125653 -4.12881231 1.22003746 -3.30591273 1.22003746 0 0 1
FACE __mirrorClone_P_TEXT.JPG#6 rooms 107.464233 12.3435001 -37.0304985 109.932945 4.93739986 -37.0304985 107.464233 4.93739986 -37.0304985 -4.12881231 -0.0143125653 -4.5402627 1.22003746 -4.12881231 1.22003746 0 0 1
FACE __mirrorClone_P_TEXT.JPG#6 rooms 92.6520386 4.93739986 -37.0304985 87.7146454 4.93739986 -37.0304985 92.6520386 8.64045048 -37.0304985 -1.66011262 1.22003746 -0.837212563 1.22003746 -1.66011262 0.602862358 0 0 1
FACE __mirrorClone_P_TEXT.JPG#6 rooms 95.1207352 4.93739986 -37.0304985 92.6520386 4.93739986 -37.0304985 95.1207352 7.4060998 -37.0304985 -2.07156253 1.22003746 -1.66011262 1.22003746 -2.07156253 0.808587432 0 0 0.99999994
FACE __mirrorClone_P_TEXT.JPG#6 rooms 95.1207352 4.93739986 -37.0304985 95.1207352 7.4060998 -37.0304985 100.058144 4.93739986 -37.0304985 -2.07156253 1.22003746 -2.07156253 0.808587432 -2.89446259 1.22003746 0 0 0.99999994
FACE __mirrorClone_P_TEXT.JPG#6 rooms 87.7146454 4.93739986 -37.0304985 85.2459335 0 -37.0304985 85.2459335 4.93739986 -37.0304985 -0.837212563 1.22003746 -0.425762475 2.04293728 -0.425762475 1.22003746 0 0 1
FACE __mirrorClone_P_TEXT.JPG#6 rooms 87.7146454 4.93739986 -49.3740005 87.7146454 0 -37.0304985 87.7146454 4.93739986 -37.0304985 -1.81440663 1.22003746 0.242843628 2.04293728 0.242843628 1.22003746 0.99999994 0 0
FACE __mirrorClone_P_TEXT.JPG#6 rooms 95.1207352 0 -37.0304985 92.6520386 4.93739986 -37.0304985 95.1207352 4.93739986 -37.0304985 -2.07156253 2.04293728 -1.66011262 1.22003746 -2.07156253 1.22003746 0 0 0.99999994
FACE __mirrorClone_P_TEXT.JPG#6 rooms 102.52684 0 -49.3740005 102.52684 4.93739986 -37.0304985 102.52684 4.93739986 -49.3740005 -1.81440663 2.04293728 0.242843628 1.22003746 -1.81440663 1.22003746 0.99999994 0 0
FACE __mirrorClone_P_TEXT.JPG#6 rooms 102.52684 4.93739986 -37.0304985 102.52684 0 -49.3740005 102.52684 3.7030499 -37.0304985 0.242843628 1.22003746 -1.81440663 2.04293728 0.242843628 1.42576241 0.99999994 0 0
FACE __mirrorClone_P_TEXT.JPG#6 rooms::mirUV 100.058144 0 -37.0304985 100.058144 4.93739986 -61.421257 100.058144 4.93739986 -37.0304985 0.242843628 2.04293728 -3.82228279 1.22003746 0.242843628 1.22003746 -1 0 0
FACE __mirrorClone_P_TEXT.JPG#6 rooms 102.52684 4.93739986 -37.0304985 102.52684 3.7030499 -37.0304985 100.058144 4.93739986 -37.0304985 -3.30591273 1.22003746 -3.30591273 1.42576241 -2.89446259 1.22003746 0 0 0.99999994
FACE __mirrorClone_P_TEXT.JPG#6 rooms 102.52684 3.7030499 -37.0304985 100.058144 0 -37.0304985 100.058144 4.93739986 -37.0304985 -3.30591273 1.42576241 -2.89446259 2.04293728 -2.89446259 1.22003746 0 0 0.99999994
FACE __mirrorClone_P_TEXT.JPG#6 rooms::mirUV 107.464233 1.23434997 -37.0304985 107.464233 4.93739986 -49.3740005 107.464233 4.93739986 -37.0304985 0.242843628 1.83721244 -1.81440663 1.22003746 0.242843628 1.22003746 -1 0 0
FACE __mirrorClone_P_TEXT.JPG#6 rooms 107.464233 4.93739986 -37.0304985 109.932945 4.93739986 -37.0304985 107.464233 1.23434997 -37.0304985 -4.12881231 1.22003746 -4.5402627 1.22003746 -4.12881231 1.83721244 0 0 1
FACE __mirrorClone_P_TEXT.JPG#6 rooms 85.2459335 0 -37.0304985 87.7146454 4.93739986 -37.0304985 87.7146454 0 -37.0304985 -0.425762475 2.04293728 -0.837212563 1.22003746 -0.837212563 2.04293728 0 0 1
FACE __mirrorClone_P_TEXT.JPG#6 floor::mirUV 87.7146454 0 -49.3740005 92.6520386 0 -37.0304985 87.7146454 0 -37.0304985 1.16597319 3.85622144 0.833312571 3.044209 1.16841722 3.0435493 0 0.99999994 0
FACE __mirrorClone_P_TEXT.JPG#6 rooms::mirUV 92.0741043 0 -51.6919708 92.6520386 4.93739986 -37.0304985 92.6520386 0 -37.0304985 -2.20073509 2.04293728 0.242843628 1.22003746 0.242843628 2.04293728 -0.999223948 -1.99076089e-09 0.0393880121
FACE __mirrorClone_P_TEXT.JPG#6 rooms 87.7146454 0 -37.0304985 87.7146454 4.93739986 -49.3740005 87.7146454 0 -49.3740005 0.242843628 2.04293728 -1.81440663 1.22003746 -1.81440663 2.04293728 0.99999994 0 0
FACE __mirrorClone_P_TEXT.JPG#6 rooms 95.1207352 4.93739986 -37.0304985 95.1207352 0 -61.421257 95.1207352 0 -37.0304985 0.242843628 1.22003746 -3.82228279 2.04293728 0.242843628 2.04293728 1 0 0
FACE __mirrorClone_P_TEXT.JPG#6 rooms 92.6520386 4.93739986 -37.0304985 95.1207352 0 -37.0304985 92.6520386 0 -37.0304985 -1.66011262 1.22003746 -2.07156253 2.04293728 -1.66011262 2.04293728 0 0 0.99999994
FACE __mirrorClone_P_TEXT.JPG#6 rooms 102.52684 3.7030499 -37.0304985 102.52684 0 -49.3740005 102.52684 0 -37.0304985 0.242843628 1.42576241 -1.81440663 2.04293728 0.242843628 2.04293728 1 0 0
FACE __mirrorClone_P_TEXT.JPG#6 floor::mirUV 95.1207352 0 -37.0304985 100.058144 0 -61.421257 100.058144 0 -37.0304985 0.665686369 3.04448056 0.327820957 4.64875174 0.330314845 3.04490399 0 1 0
FACE __mirrorClone_P_TEXT.JPG#6 rooms 102.52684 0 -37.0304985 100.058144 0 -37.0304985 102.52684 3.7030499 -37.0304985 -3.30591273 2.04293728 -2.89446259 2.04293728 -3.30591273 1.42576241 0 0 1
FACE __mirrorClone_P_TEXT.JPG#6 rooms::mirUV 107.464233 4.93739986 -49.3740005 107.464233 0 -37.0304985 107.464233 0 -49.3740005 -1.81440663 1.22003746 0.242843628 2.04293728 -1.81440663 2.04293728 -0.99999994 0 0
FACE __mirrorClone_P_TEXT.JPG#6 rooms::mirUV 107.464233 0 -37.0304985 107.464233 4.93739986 -49.3740005 107.464233 1.23434997 -37.0304985 0.242843628 2.04293728 -1.81440663 1.22003746 0.242843628 1.83721244 -0.99999994 0 0
FACE __mirrorClone_P_TEXT.JPG#6 floor::mirUV 107.464233 0 -49.3740005 102.52684 0 -37.0304985 102.52684 0 -49.3740005 -0.173264712 3.85805392 0.162581459 3.04505467 0.161791608 3.85779476 0 0.99999994 0
FACE __mirrorClone_P_TEXT.JPG#6 floor::mirUV 102.52684 0 -37.0304985 107.464233 0 -49.3740005 107.464233 0 -37.0304985 0.162581459 3.04505467 -0.173264712 3.85805392 -0.172949716 3.04523134 0 0.99999994 0
FACE __mirrorClone_P_TEXT.JPG#6 rooms 107.464233 1.23434997 -37.0304985 109.932945 4.93739986 -37.0304985 109.932945 0 -37.0304985 -4.12881231 1.83721244 -4.5402627 1.22003746 -4.5402627 2.04293728 0 0 1
FACE __mirrorClone_P_TEXT.JPG#6 rooms 107.464233 1.23434997 -37.0304985 109.932945 0 -37.0304985 107.464233 0 -37.0304985 -4.12881231 1.83721244 -4.5402627 2.04293728 -4.12881231 2.04293728 0 0 1
FACE __mirrorClone_P_TEXT.JPG#6 rooms::mirUV 48.2154388 0 -49.3740005 79.6913605 18.5152493 -49.3740005 48.2154388 18.5152493 -49.3740005 5.74598742 2.04293728 0.5 -1.0429374 5.74598742 -1.0429374 0 0 -1
FACE __mirrorClone_P_TEXT.JPG#6 rooms::mirUV 79.6913605 0 -49.3740005 79.6913605 18.5152493 -58.0144501 79.6913605 18.5152493 -49.3740005 -1.81440663 2.04293728 -3.25448155 -1.0429374 -1.81440663 -1.0429374 -1 0 0
FACE __mirrorClone_P_TEXT.JPG#6 rooms::mirUV 79.6913605 18.5152493 -49.3740005 48.2154388 0 -49.3740005 79.6913605 0 -49.3740005 0.5 -1.0429374 5.74598742 2.04293728 0.5 2.04293728 0 0 -1
FACE __mirrorClone_P_TEXT.JPG#6 rooms::mirUV 79.6913605 18.5152493 -58.0144501 79.6913605 0 -49.3740005 79.6913605 0 -58.0144501 -3.25448155 -1.0429374 -1.81440663 2.04293728 -3.25448155 2.04293728 -1 0 0
FACE __mirrorClone_P_TEXT.JPG#6 rooms 102.52684 6.17175007 -56.1629219 102.52684 4.93739986 -49.3740005 102.52684 6.17175007 -49.3740005 -2.94589353 1.01431251 -1.81440663 1.22003746 -1.81440663 1.01431251 1 0 0
FACE __mirrorClone_P_TEXT.JPG#6 rooms 102.52684 4.93739986 -49.3740005 102.52684 6.17175007 -56.1629219 102.52684 4.93739986 -56.1629219 -1.81440663 1.22003746 -2.94589353 1.01431251 -2.94589353 1.22003746 1 0 0
FACE __mirrorClone_P_TEXT.JPG#6 rooms::mirUV 107.464233 4.93739986 -49.3740005 102.52684 6.17175007 -49.3740005 102.52684 4.93739986 -49.3740005 -4.12881231 1.22003746 -3.30591273 1.01431251 -3.30591273 1.22003746 0 0 -1
FACE __mirrorClone_P_TEXT.JPG#6 rooms::mirUV 102.52684 6.17175007 -49.3740005 107.464233 4.93739986 -49.3740005 107.464233 6.17175007 -49.3740005 -3.30591273 1.01431251 -4.12881231 1.22003746 -4.12881231 1.01431251 0 0 -1
FACE __mirrorClone_P_TEXT.JPG#6 rooms::mirUV 109.932945 6.17175007 -49.3740005 107.464233 4.93739986 -49.3740005 109.932945 4.93739986 -49.3740005 -4.5402627 1.01431251 -4.12881231 1.22003746 -4.5402627 1.22003746 0 0 -1
FACE __mirrorClone_P_TEXT.JPG#6 rooms::mirUV 107.464233 4.93739986 -49.3740005 109.932945 6.17175007 -49.3740005 107.464233 6.17175007 -49.3740005 -4.12881231 1.22003746 -4.5402627 1.01431251 -4.12881231 1.01431251 0 0 -1
FACE __mirrorClone_P_TEXT.JPG#6 rooms::mirUV 109.932945 4.93739986 -49.3740005 109.932945 6.17175007 -56.1629219 109.932945 6.17175007 -49.3740005 -1.81440663 1.22003746 -2.94589353 1.01431251 -1.81440663 1.01431251 -1 0 0
FACE __mirrorClone_P_TEXT.JPG#6 rooms::mirUV 109.932945 6.17175007 -56.1629219 109.932945 4.93739986 -49.3740005 109.932945 4.93739986 -56.1629219 -2.94589353 1.01431251 -1.81440663 1.22003746 -2.94589353 1.22003746 -1 0 0
FACE __mirrorClone_P_TEXT.JPG#6 rooms 84.8445282 0 -54.9241066 87.7146454 4.93739986 -49.3740005 84.8445282 4.93739986 -54.9241066 -2.73942447 2.04293728 -1.81440663 1.22003746 -2.73942447 1.22003746 0.888259411 0 -0.459342271
FACE __mirrorClone_P_TEXT.JPG#6 rooms::mirUV 92.0741043 0 -51.6919708 87.6054916 4.93739986 -59.017395 92.0741043 4.93739986 -51.6919708 -2.20073509 2.04293728 -3.4216392 1.22003746 -2.20073509 1.22003746 -0.853698254 0 0.520768106
FACE __mirrorClone_P_TEXT.JPG#6 rooms::mirUV 92.6520386 4.93739986 -37.0304985 92.0741043 0 -51.6919708 92.0741043 4.93739986 -51.6919708 0.242843628 1.22003746 -2.20073509 2.04293728 -2.20073509 1.22003746 -0.999223948 -1.99076089e-09 0.0393880121
FACE __mirrorClone_P_TEXT.JPG#6 rooms 95.1207352 0 -61.421257 95.1207352 4.93739986 -37.0304985 95.1207352 4.93739986 -61.421257 -3.82228279 2.04293728 0.242843628 1.22003746 -3.82228279 1.22003746 1 0 0
FACE __mirrorClone_P_TEXT.JPG#6 rooms 102.52684 4.93739986 -56.1629219 102.52684 0 -49.3740005 102.52684 4.93739986 -49.3740005 -2.94589353 1.22003746 -1.81440663 2.04293728 -1.81440663 1.22003746 1 0 0
FACE __mirrorClone_P_TEXT.JPG#6 rooms::mirUV 107.464233 0 -49.3740005 109.932945 4.93739986 -49.3740005 107.464233 4.93739986 -49.3740005 -4.12881231 2.04293728 -4.5402627 1.22003746 -4.12881231 1.22003746 0 0 -1
FACE __mirrorClone_P_TEXT.JPG#6 rooms::mirUV 109.932945 4.93739986 -49.3740005 109.932945 0 -56.1629219 109.932945 4.93739986 -56.1629219 -1.81440663 1.22003746 -2.94589353 2.04293728 -2.94589353 1.22003746 -1 0 0
FACE __mirrorClone_P_TEXT.JPG#6 rooms 87.7146454 4.93739986 -49.3740005 84.8445282 0 -54.9241066 87.7146454 0 -49.3740005 -1.81440663 1.22003746 -2.73942447 2.04293728 -1.81440663 2.04293728 0.888259411 -0 -0.459342271
FACE __mirrorClone_P_TEXT.JPG#6 floor::mirUV 92.0741043 0 -51.6919708 84.8445282 0 -54.9241066 87.6054916 0 -59.017395 0.870189428 4.00917244 1.35879791 4.22055912 1.17092979 4.48973703 0 1 0
FACE __mirrorClone_P_TEXT.JPG#6 floor::mirUV 87.7146454 0 -49.3740005 84.8445282 0 -54.9241066 92.0741043 0 -51.6919708 1.16597319 3.85622144 1.35879791 4.22055912 0.870189428 4.00917244 0 1 0
FACE __mirrorClone_P_TEXT.JPG#6 floor::mirUV 92.6520386 0 -37.0304985 87.7146454 0 -49.3740005 92.0741043 0 -51.6919708 0.833312571 3.044209 1.16597319 3.85622144 0.870189428 4.00917244 0 1 0
FACE __mirrorClone_P_TEXT.JPG#6 rooms 102.52684 0 -49.3740005 102.52684 4.93739986 -56.1629219 102.52684 0 -56.1629219 -1.81440663 2.04293728 -2.94589353 1.22003746 -2.94589353 2.04293728 1 0 0
FACE __mirrorClone_P_TEXT.JPG#6 floor::mirUV 100.058144 0 -61.421257 95.1207352 0 -37.0304985 95.1207352 0 -61.421257 0.327820957 4.64875174 0.665686369 3.04448056 0.66201359 4.6483283 0 1 0
FACE __mirrorClone_P_TEXT.JPG#6 rooms::mirUV 100.058144 4.93739986 -61.421257 100.058144 0 -37.0304985 100.058144 0 -61.421257 -3.82228279 1.22003746 0.242843628 2.04293728 -3.82228279 2.04293728 -1 0 0
FACE __mirrorClone_P_TEXT.JPG#6 rooms::mirUV 109.932945 4.93739986 -49.3740005 107.464233 0 -49.3740005 109.932945 0 -49.3740005 -4.5402627 1.22003746 -4.12881231 2.04293728 -4.5402627 2.04293728 0 0 -1
FACE __mirrorClone_P_TEXT.JPG#6 floor::mirUV 109.932945 0 -49.3740005 107.464233 0 -56.1629219 109.932945 0 -56.1629219 -0.340829551 3.85813069 -0.173535571 4.3041172 -0.340948701 4.30420923 0 1 0
FACE __mirrorClone_P_TEXT.JPG#6 floor::mirUV 107.464233 0 -56.1629219 109.932945 0 -49.3740005 107.464233 0 -49.3740005 -0.173535571 4.3041172 -0.340829551 3.85813069 -0.173264712 3.85805392 0 1 0
FACE __mirrorClone_P_TEXT.JPG#6 floor::mirUV 102.52684 0 -56.1629219 107.464233 0 -49.3740005 102.52684 0 -49.3740005 0.161200464 4.30384159 -0.173264712 3.85805392 0.161791608 3.85779476 0 1 0
FACE __mirrorClone_P_TEXT.JPG#6 floor::mirUV 107.464233 0 -49.3740005 102.52684 0 -56.1629219 107.464233 0 -56.1629219 -0.173264712 3.85805392 0.161200464 4.30384159 -0.173535571 4.3041172 0 1 0
FACE __mirrorClone_P_TEXT.JPG#6 rooms::mirUV 109.932945 0 -56.1629219 109.932945 4.93739986 -49.3740005 109.932945 0 -49.3740005 -2.94589353 2.04293728 -1.81440663 1.22003746 -1.81440663 2.04293728 -1 0 0
FACE __mirrorClone_P_TEXT.JPG#6 rooms::mirUV 79.6913605 4.93739986 -58.0144501 79.6913605 18.5152493 -62.9518509 79.6913605 18.5152493 -58.0144501 -3.25448155 1.22003746 -4.07738161 -1.0429374 -3.25448155 -1.0429374 -1 0 0
FACE __mirrorClone_P_TEXT.JPG#6 rooms::mirUV 79.6913605 18.5152493 -62.9518509 79.6913605 4.93739986 -58.0144501 79.6913605 4.93739986 -62.9518509 -4.07738161 -1.0429374 -3.25448155 1.22003746 -4.07738161 1.22003746 -1 0 0
FACE __mirrorClone_P_TEXT.JPG#6 rooms 102.52684 6.17175007 -56.1629219 107.464233 4.93739986 -56.1629219 102.52684 4.93739986 -56.1629219 -3.30591273 1.01431251 -4.12881231 1.22003746 -3.30591273 1.22003746 0 0 1
FACE __mirrorClone_P_TEXT.JPG#6 rooms 107.464233 4.93739986 -56.1629219 102.52684 6.17175007 -56.1629219 107.464233 6.17175007 -56.1629219 -4.12881231 1.22003746 -3.30591273 1.01431251 -4.12881231 1.01431251 0 0 1
FACE __mirrorClone_P_TEXT.JPG#6 rooms 109.932945 4.93739986 -56.1629219 107.464233 6.17175007 -56.1629219 109.932945 6.17175007 -56.1629219 -4.5402627 1.22003746 -4.12881231 1.01431251 -4.5402627 1.01431251 0 0 1
FACE __mirrorClone_P_TEXT.JPG#6 rooms 107.464233 6.17175007 -56.1629219 109.932945 4.93739986 -56.1629219 107.464233 4.93739986 -56.1629219 -4.12881231 1.01431251 -4.5402627 1.22003746 -4.12881231 1.22003746 0 0 1
FACE __mirrorClone_P_TEXT.JPG#6 rooms 87.6054916 4.93739986 -59.017395 79.6913605 0 -62.9518509 79.6913605 4.93739986 -62.9518509 -0.819021225 1.22003746 0.5 2.04293728 0.5 1.22003746 -0.445166051 -3.15797877e-09 0.895448029
FACE __mirrorClone_P_TEXT.JPG#6 rooms::mirUV 79.6913605 4.93739986 -58.0144501 84.8445282 0 -54.9241066 84.8445282 4.93739986 -54.9241066 0.5 1.22003746 -0.358861625 2.04293728 -0.358861625 1.22003746 0.514305055 2.10790851e-09 -0.857607305
FACE __mirrorClone_P_TEXT.JPG#6 rooms 100.058144 4.93739986 -61.421257 95.1207352 0 -61.421257 95.1207352 4.93739986 -61.421257 -2.89446259 1.22003746 -2.07156253 2.04293728 -2.07156253 1.22003746 0 0 0.99999994
FACE __mirrorClone_P_TEXT.JPG#6 rooms 107.464233 4.93739986 -56.1629219 102.52684 0 -56.1629219 102.52684 4.93739986 -56.1629219 -4.12881231 1.22003746 -3.30591273 2.04293728 -3.30591273 1.22003746 0 0 0.99999994
FACE __mirrorClone_P_TEXT.JPG#6 rooms 109.932945 0 -56.1629219 107.464233 4.93739986 -56.1629219 109.932945 4.93739986 -56.1629219 -4.5402627 2.04293728 -4.12881231 1.22003746 -4.5402627 1.22003746 0 0 1
FACE __mirrorClone_P_TEXT.JPG#6 floor::mirUV 48.2154388 0 -75.9125214 79.6913605 0 -49.3740005 48.2154388 0 -49.3740005 3.81106114 5.59415102 1.70900583 3.85491133 3.83063674 3.84728122 0 1 0
FACE __mirrorClone_P_TEXT.JPG#6 floor::mirUV 87.6054916 0 -59.017395 79.6913605 0 -58.0144501 79.6913605 0 -62.9518509 1.17092979 4.48973703 1.70606351 4.42274523 1.70418382 4.74690247 0 1 0
FACE __mirrorClone_P_TEXT.JPG#6 floor::mirUV 79.6913605 0 -58.0144501 87.6054916 0 -59.017395 84.8445282 0 -54.9241066 1.70606351 4.42274523 1.17092979 4.48973703 1.35879791 4.22055912 0 1 0
FACE __mirrorClone_P_TEXT.JPG#6 rooms 79.6913605 0 -62.9518509 87.6054916 4.93739986 -59.017395 87.6054916 0 -59.017395 0.5 2.04293728 -0.819021225 1.22003746 -0.819021225 2.04293728 -0.445166051 -3.15797877e-09 0.895448029
FACE __mirrorClone_P_TEXT.JPG#6 rooms::mirUV 84.8445282 0 -54.9241066 79.6913605 4.93739986 -58.0144501 79.6913605 0 -58.0144501 -0.358861625 2.04293728 0.5 1.22003746 0.5 2.04293728 0.514305055 2.10790851e-09 -0.857607305
FACE __mirrorClone_P_TEXT.JPG#6 rooms::mirUV 87.6054916 4.93739986 -59.017395 92.0741043 0 -51.6919708 87.6054916 0 -59.017395 -3.4216392 1.22003746 -2.20073509 2.04293728 -3.4216392 2.04293728 -0.853698254 0 0.520768106
FACE __mirrorClone_P_TEXT.JPG#6 rooms 95.1207352 0 -61.421257 100.058144 4.93739986 -61.421257 100.058144 0 -61.421257 -2.07156253 2.04293728 -2.89446259 1.22003746 -2.89446259 2.04293728 0 0 0.99999994
FACE __mirrorClone_P_TEXT.JPG#6 rooms 102.52684 0 -56.1629219 107.464233 4.93739986 -56.1629219 107.464233 0 -56.1629219 -3.30591273 2.04293728 -4.12881231 1.22003746 -4.12881231 2.04293728 0 0 0.99999994
FACE __mirrorClone_P_TEXT.JPG#6 rooms 107.464233 4.93739986 -56.1629219 109.932945 0 -56.1629219 107.464233 0 -56.1629219 -4.12881231 1.22003746 -4.5402627 2.04293728 -4.12881231 2.04293728 0 0 1
FACE __mirrorClone_P_TEXT.JPG#6 rooms 79.6913605 0 -75.9125214 48.2154388 18.5152493 -75.9125214 79.6913605 18.5152493 -75.9125214 0.5 2.04293728 5.74598742 -1.0429374 0.5 -1.0429374 0 0 1
FACE __mirrorClone_P_TEXT.JPG#6 rooms::mirUV 79.6913605 0 -62.9518509 79.6913605 18.5152493 -75.9125214 79.6913605 18.5152493 -62.9518509 -4.07738161 2.04293728 -6.23749352 -1.0429374 -4.07738161 -1.0429374 -0.99999994 0 0
FACE __mirrorClone_P_TEXT.JPG#6 rooms 48.2154388 18.5152493 -75.9125214 79.6913605 0 -75.9125214 48.2154388 0 -75.9125214 5.74598742 -1.0429374 0.5 2.04293728 5.74598742 2.04293728 0 0 1
FACE __mirrorClone_P_TEXT.JPG#6 rooms::mirUV 79.6913605 18.5152493 -75.9125214 79.6913605 0 -62.9518509 79.6913605 0 -75.9125214 -6.23749352 -1.0429374 -4.07738161 2.04293728 -6.23749352 2.04293728 -0.99999994 0 0
FACE __mirrorClone_P_TEXT.JPG#6 floor::mirUV 79.6913605 0 -49.3740005 48.2154388 0 -75.9125214 79.6913605 0 -75.9125214 1.70900583 3.85491133 3.81106114 5.59415102 1.69857442 5.59702826 0 1 0
FACE __mirrorClone_teleporter rooms::mirUV -3.7030499 8.27014446 15.4293747 2.46869993 7.46781731 14.8121996 -2.46869993 7.46781731 14.8121996 -3.10018754 0.664580047 -2.07156253 0.79830122 -2.89446259 0.79830122 -1.07912596e-10 -0.609710991 0.792623758
FACE __mirrorClone_teleporter rooms::mirUV 3.7030499 8.27014446 15.4293747 2.46869993 4.99911785 14.8121996 2.46869993 7.46781731 14.8121996 -1.86583757 0.664580047 -2.07156253 1.20975113 -2.07156253 0.79830122 -0.44721368 6.37823072e-10 0.894427121
FACE __mirrorClone_teleporter rooms 2.46869993 7.46781731 12.3435001 3.67337584 4.99911785 6.3409791 2.46869993 7.46781731 6.17175007 6.00314331 0.79830122 7.0035634 1.20975113 7.03176832 0.79830122 -0.898706436 -0.43855074 0
FACE __mirrorClone_teleporter rooms 3.67337584 4.99911785 12.5145807 3.67337584 4.99911785 6.3409791 2.46869993 7.46781731 12.3435001 5.97462988 1.20975113 7.0035634 1.20975113 6.00314331 0.79830122 -0.898706436 -0.43855074 0
FACE __mirrorClone_teleporter rooms 3.67337584 4.99911785 12.5145807 2.46869993 7.46781731 14.8121996 2.46869993 4.99911785 14.8121996 5.97462988 1.20975113 5.5916934 0.79830122 5.5916934 1.20975113 -0.885647476 1.65269096e-08 -0.4643583
FACE __mirrorClone_teleporter rooms 2.46869993 7.46781731 14.8121996 3.67337584 4.99911785 12.5145807 2.46869993 7.46781731 12.3435001 5.5916934 0.79830122 5.97462988 1.20975113 6.00314331 0.79830122 -0.898706436 -0.43855074 0
FACE __mirrorClone_teleporter rooms 3.67337584 4.99911785 6.3409791 2.46869993 5.49285793 4.93739986 2.46869993 7.46781731 6.17175007 7.0035634 1.20975113 7.23749352 1.12746119 7.03176832 0.79830122 -0.769588828 -0.338425457 0.541480601
FACE __mirrorClone_teleporter rooms 2.46869993 5.49285793 4.93739986 3.67337584 4.99911785 6.3409791 2.46869993 4.99911785 4.93739986 7.23749352 1.12746119 7.0035634 1.20975113 7.23749352 1.20975113 -0.758826911 -0 0.651292443
FACE __mirrorClone_teleporter rooms::mirUV -2.46869993 4.99911785 14.8121996 -3.7030499 8.27014446 15.4293747 -2.46869993 7.46781731 14.8121996 -2.89446259 1.20975113 -3.10018754 0.664580047 -2.89446259 0.79830122 0.44721368 0 0.89442718
FACE __mirrorClone_teleporter rooms::mirUV -2.46869993 7.46781731 14.8121996 -3.67337584 4.99911785 12.5145807 -2.46869993 4.99911785 14.8121996 5.5916934 0.79830122 5.97462988 1.20975113 5.5916934 1.20975113 0.885647476 0 -0.4643583
FACE __mirrorClone_teleporter rooms::mirUV -3.67337584 4.99911785 12.5145807 -2.46869993 7.46781731 14.8121996 -2.46869993 7.46781731 12.3435001 5.97462988 1.20975113 5.5916934 0.79830122 6.00314331 0.79830122 0.898706436 -0.4385508 0
FACE __mirrorClone_teleporter rooms::mirUV -2.46869993 7.46781731 12.3435001 -3.67337584 4.99911785 6.3409791 -3.67337584 4.99911785 12.5145807 6.00314331 0.79830122 7.0035634 1.20975113 5.97462988 1.20975113 0.898706377 -0.43855074 0
FACE __mirrorClone_teleporter rooms::mirUV -2.46869993 7.46781731 6.17175007 -3.67337584 4.99911785 6.3409791 -2.46869993 7.46781731 12.3435001 7.03176832 0.79830122 7.0035634 1.20975113 6.00314331 0.79830122 0.898706436 -0.43855074 0
FACE __mirrorClone_teleporter rooms::mirUV -2.46869993 5.49285793 4.93739986 -3.67337584 4.99911785 6.3409791 -2.46869993 7.46781731 6.17175007 7.23749352 1.12746119 7.0035634 1.20975113 7.03176832 0.79830122 0.769588828 -0.338425457 0.541480601
FACE __mirrorClone_teleporter rooms::mirUV -2.46869993 4.99911785 4.93739986 -3.67337584 4.99911785 6.3409791 -2.46869993 5.49285793 4.93739986 7.23749352 1.20975113 7.0035634 1.20975113 7.23749352 1.12746119 0.758826911 0 0.651292443
FACE __mirrorClone_teleporter rooms::mirUV -2.46869993 7.46781731 6.17175007 2.46869993 5.49285793 4.93739986 -2.46869993 5.49285793 4.93739986 -2.89446259 0.79830122 -2.07156253 1.12746119 -2.89446259 1.12746119 -6.39086117e-09 -0.529999018 0.847998202
FACE __mirrorClone_teleporter rooms::mirUV 2.46869993 5.49285793 4.93739986 -2.46869993 7.46781731 6.17175007 2.46869993 7.46781731 6.17175007 -2.07156253 1.12746119 -2.89446259 0.79830122 -2.07156253 0.79830122 -6.39086117e-09 -0.529999018 0.847998202
FACE __mirrorClone_teleporter rooms::mirUV 2.46869993 4.99911785 14.8121996 3.7030499 0 15.4293747 2.46869993 2.53041744 14.8121996 -2.07156253 1.20975113 -1.86583757 2.04293728 -2.07156253 1.62120116 -0.44721368 -0 0.89442718
FACE __mirrorClone_teleporter rooms 3.67337584 4.99911785 12.5145807 3.67337584 2.53041744 6.3409791 3.67337584 4.99911785 6.3409791 5.97462988 1.20975113 7.0035634 1.62120116 7.0035634 1.20975113 -1 0 0
FACE __mirrorClone_teleporter rooms 3.67337584 2.53041744 6.3409791 3.67337584 4.99911785 12.5145807 3.67337584 2.53041744 12.5145807 7.0035634 1.62120116 5.97462988 1.20975113 5.97462988 1.62120116 -1 0 0
FACE __mirrorClone_teleporter rooms 3.67337584 2.53041744 12.5145807 2.46869993 4.99911785 14.8121996 2.46869993 2.53041744 14.8121996 5.97462988 1.62120116 5.5916934 1.20975113 5.5916934 1.62120116 -0.885647476 1.65269007e-08 -0.46435827
FACE __mirrorClone_teleporter rooms 2.46869993 4.99911785 14.8121996 3.67337584 2.53041744 12.5145807 3.67337584 4.99911785 12.5145807 5.5916934 1.20975113 5.97462988 1.62120116 5.97462988 1.20975113 -0.885647476 1.65269007e-08 -0.46435827
FACE __mirrorClone_teleporter rooms 2.46869993 4.99911785 4.93739986 3.67337584 2.53041744 6.3409791 2.46869993 2.53041744 4.93739986 7.23749352 1.20975113 7.0035634 1.62120116 7.23749352 1.62120116 -0.758826852 -0 0.651292384
FACE __mirrorClone_teleporter rooms 3.67337584 2.53041744 6.3409791 2.46869993 4.99911785 4.93739986 3.67337584 4.99911785 6.3409791 7.0035634 1.62120116 7.23749352 1.20975113 7.0035634 1.20975113 -0.758826852 0 0.651292384
FACE __mirrorClone_teleporter rooms::mirUV -2.46869993 2.53041744 14.8121996 -3.7030499 0 15.4293747 -2.46869993 4.99911785 14.8121996 -2.89446259 1.62120116 -3.10018754 2.04293728 -2.89446259 1.20975113 0.44721368 0 0.89442718
FACE __mirrorClone_teleporter rooms::mirUV -3.67337584 2.53041744 6.3409791 -3.67337584 4.99911785 12.5145807 -3.67337584 4.99911785 6.3409791 7.0035634 1.62120116 5.97462988 1.20975113 7.0035634 1.20975113 1 0 0
FACE __mirrorClone_teleporter rooms::mirUV -3.67337584 4.99911785 12.5145807 -3.67337584 2.53041744 6.3409791 -3.67337584 2.53041744 12.5145807 5.97462988 1.20975113 7.0035634 1.62120116 5.97462988 1.62120116 1 0 0
FACE __mirrorClone_teleporter rooms::mirUV -3.67337584 4.99911785 12.5145807 -2.46869993 2.53041744 14.8121996 -2.46869993 4.99911785 14.8121996 5.97462988 1.20975113 5.5916934 1.62120116 5.5916934 1.20975113 0.885647476 -1.65269007e-08 -0.46435827
FACE __mirrorClone_teleporter rooms::mirUV -2.46869993 2.53041744 14.8121996 -3.67337584 4.99911785 12.5145807 -3.67337584 2.53041744 12.5145807 5.5916934 1.62120116 5.97462988 1.20975113 5.97462988 1.62120116 0.885647476 -1.65269007e-08 -0.46435827
FACE __mirrorClone_teleporter rooms::mirUV -3.67337584 4.99911785 6.3409791 -2.46869993 2.53041744 4.93739986 -3.67337584 2.53041744 6.3409791 7.0035634 1.20975113 7.23749352 1.62120116 7.0035634 1.62120116 0.758826852 0 0.651292384
FACE __mirrorClone_teleporter rooms::mirUV -2.46869993 2.53041744 4.93739986 -3.67337584 4.99911785 6.3409791 -2.46869993 4.99911785 4.93739986 7.23749352 1.62120116 7.0035634 1.20975113 7.23749352 1.20975113 0.758826852 0 0.651292384
FACE __mirrorClone_teleporter rooms::mirUV 2.46869993 2.53041744 14.8121996 3.7030499 0 15.4293747 2.46869993 3.67864983e-09 14.8121996 -2.07156253 1.62120116 -1.86583757 2.04293728 -2.07156253 2.04293728 -0.44721362 -0 0.894427121
FACE __mirrorClone_teleporter rooms 2.46869993 3.67864983e-09 14.8121996 3.67337584 2.53041744 12.5145807 2.46869993 2.53041744 14.8121996 5.5916934 2.04293728 5.97462988 1.62120116 5.5916934 1.62120116 -0.885647416 0 -0.464358211
FACE __mirrorClone_teleporter rooms 3.67337584 2.53041744 12.5145807 2.46869993 3.67864983e-09 14.8121996 2.46869993 3.67864983e-09 12.3435001 5.97462988 1.62120116 5.5916934 2.04293728 6.00314331 2.04293728 -0.902899921 0.429850757 0
FACE __mirrorClone_teleporter rooms 3.67337584 2.53041744 6.3409791 2.46869993 3.67864983e-09 12.3435001 2.46869993 3.67864983e-09 6.17175007 7.0035634 1.62120116 6.00314331 2.04293728 7.03176832 2.04293728 -0.902899981 0.429850757 0
FACE __mirrorClone_teleporter rooms 2.46869993 3.67864983e-09 12.3435001 3.67337584 2.53041744 6.3409791 3.67337584 2.53041744 12.5145807 6.00314331 2.04293728 7.0035634 1.62120116 5.97462988 1.62120116 -0.902899921 0.429850727 0
FACE __mirrorClone_teleporter rooms 2.46869993 2.53041744 4.93739986 2.46869993 3.67864983e-09 6.17175007 2.46869993 3.67864983e-09 4.93739986 7.23749352 1.62120116 7.03176832 2.04293728 7.23749352 2.04293728 -0.99999994 0 0
FACE __mirrorClone_teleporter rooms 3.67337584 2.53041744 6.3409791 2.46869993 3.67864983e-09 6.17175007 2.46869993 2.53041744 4.93739986 7.0035634 1.62120116 7.03176832 2.04293728 7.23749352 1.62120116 -0.723205507 0.302789718 0.620718956
FACE __mirrorClone_teleporter rooms::mirUV -2.46869993 3.67864983e-09 14.8121996 -3.7030499 0 15.4293747 -2.46869993 2.53041744 14.8121996 -2.89446259 2.04293728 -3.10018754 2.04293728 -2.89446259 1.62120116 0.44721362 0 0.894427121
FACE __mirrorClone_teleporter floor::mirUV 3.7030499 0 15.4293747 -2.46869993 3.67864983e-09 14.8121996 2.46869993 3.67864983e-09 14.8121996 0.751844108 0.959863305 0.331779748 0.91891247 0.667856455 0.918842196 -2.69446127e-17 1 5.96046368e-09
FACE __mirrorClone_teleporter rooms::mirUV -3.67337584 2.53041744 12.5145807 -2.46869993 3.67864983e-09 14.8121996 -2.46869993 2.53041744 14.8121996 5.97462988 1.62120116 5.5916934 2.04293728 5.5916934 1.62120116 0.885647416 -1.61238081e-08 -0.464358211
FACE __mirrorClone_teleporter rooms::mirUV -2.46869993 3.67864983e-09 14.8121996 -3.67337584 2.53041744 12.5145807 -2.46869993 3.67864983e-09 12.3435001 5.5916934 2.04293728 5.97462988 1.62120116 6.00314331 2.04293728 0.902899921 0.429850727 0
FACE __mirrorClone_teleporter rooms::mirUV -3.67337584 2.53041744 6.3409791 -2.46869993 3.67864983e-09 12.3435001 -3.67337584 2.53041744 12.5145807 7.0035634 1.62120116 6.00314331 2.04293728 5.97462988 1.62120116 0.902899981 0.429850727 0
FACE __mirrorClone_teleporter rooms::mirUV -3.67337584 2.53041744 6.3409791 -2.46869993 3.67864983e-09 6.17175007 -2.46869993 3.67864983e-09 12.3435001 7.0035634 1.62120116 7.03176832 2.04293728 6.00314331 2.04293728 0.902899981 0.429850757 0
FACE __mirrorClone_teleporter floor::mirUV 2.46869993 3.67864983e-09 12.3435001 -2.46869993 3.67864983e-09 6.17175007 2.46869993 3.67864983e-09 6.17175007 0.667952895 0.754472613 0.332094669 0.342933446 0.668177128 0.342986256 0 0.99999994 0
FACE __mirrorClone_teleporter floor::mirUV -2.46869993 3.67864983e-09 6.17175007 2.46869993 3.67864983e-09 12.3435001 -2.46869993 3.67864983e-09 12.3435001 0.332094669 0.342933446 0.667952895 0.754472613 0.331866384 0.75450784 0 0.99999994 0
FACE __mirrorClone_teleporter floor::mirUV -2.46869993 3.67864983e-09 12.3435001 2.46869993 3.67864983e-09 14.8121996 -2.46869993 3.67864983e-09 14.8121996 0.331866384 0.75450784 0.667856455 0.918842196 0.331779748 0.91891247 0 0.99999994 0
FACE __mirrorClone_teleporter floor::mirUV 2.46869993 3.67864983e-09 14.8121996 -2.46869993 3.67864983e-09 12.3435001 2.46869993 3.67864983e-09 12.3435001 0.667856455 0.918842196 0.331866384 0.75450784 0.667952895 0.754472613 0 0.99999994 0
FACE __mirrorClone_teleporter rooms::mirUV -2.46869993 2.53041744 4.93739986 -2.46869993 3.67864983e-09 6.17175007 -3.67337584 2.53041744 6.3409791 7.23749352 1.62120116 7.03176832 2.04293728 7.0035634 1.62120116 0.723205507 0.302789718 0.620718956
FACE __mirrorClone_teleporter rooms::mirUV -2.46869993 3.67864983e-09 4.93739986 -2.46869993 3.67864983e-09 6.17175007 -2.46869993 2.53041744 4.93739986 7.23749352 2.04293728 7.03176832 2.04293728 7.23749352 1.62120116 0.99999994 0 0
FACE __mirrorClone_teleporter floor::mirUV 2.46869993 3.67864983e-09 6.17175007 -2.46869993 3.67864983e-09 4.93739986 2.46869993 3.67864983e-09 4.93739986 0.668177128 0.342986256 0.332143515 0.260522217 0.668220222 0.26059249 0 0.99999994 0
FACE __mirrorClone_teleporter floor::mirUV -2.46869993 3.67864983e-09 4.93739986 2.46869993 3.67864983e-09 6.17175007 -2.46869993 3.67864983e-09 6.17175007 0.332143515 0.260522217 0.668177128 0.342986256 0.332094669 0.342933446 0 0.99999994 0
FACE __mirrorClone_teleporter rooms::mirUV 3.7030499 8.27014446 15.4293747 -3.7030499 12.3435001 15.4293747 3.7030499 12.3435001 15.4293747 -1.86583757 0.664580047 -3.10018754 -0.0143125653 -1.86583757 -0.0143125653 0 0 0.99999994
FACE __mirrorClone_teleporter rooms::mirUV -3.7030499 12.3435001 15.4293747 3.7030499 8.27014446 15.4293747 -3.7030499 8.27014446 15.4293747 -3.10018754 -0.0143125653 -1.86583757 0.664580047 -3.10018754 0.664580047 0 0 0.99999994
FACE __mirrorClone_teleporter rooms 12.3435001 12.3435001 28.3900471 12.3435001 0 15.4293747 12.3435001 12.3435001 15.4293747 3.32871842 -0.0143125653 5.48883104 2.04293728 5.48883104 -0.0143125653 -0.99999994 0 0
FACE __mirrorClone_teleporter rooms::mirUV 12.3435001 12.3435001 15.4293747 3.7030499 0 15.4293747 3.7030499 12.3435001 15.4293747 -0.425762475 -0.0143125653 -1.86583757 2.04293728 -1.86583757 -0.0143125653 0 0 0.99999994
FACE __mirrorClone_teleporter rooms::mirUV 2.46869993 7.46781731 14.8121996 -3.7030499 8.27014446 15.4293747 3.7030499 8.27014446 15.4293747 -2.07156253 0.79830122 -3.10018754 0.664580047 -1.86583757 0.664580047 -7.19417304e-11 -0.609710932 0.792623758
FACE __mirrorClone_teleporter rooms::mirUV -12.3435001 12.3435001 15.4293747 -12.3435001 0 28.3900471 -12.3435001 12.3435001 28.3900471 5.48883104 -0.0143125653 3.32871842 2.04293728 3.32871842 -0.0143125653 0.99999994 0 0
FACE __mirrorClone_teleporter rooms::mirUV -3.7030499 12.3435001 15.4293747 -12.3435001 0 15.4293747 -12.3435001 12.3435001 15.4293747 -3.10018754 -0.0143125653 -4.5402627 2.04293728 -4.5402627 -0.0143125653 0 0 0.99999994
FACE __mirrorClone_teleporter rooms 12.3435001 0 15.4293747 12.3435001 12.3435001 28.3900471 12.3435001 0 28.3900471 5.48883104 2.04293728 3.32871842 -0.0143125653 3.32871842 2.04293728 -0.99999994 0 0
FACE __mirrorClone_teleporter rooms::mirUV 3.7030499 0 15.4293747 12.3435001 12.3435001 15.4293747 12.3435001 0 15.4293747 -1.86583757 2.04293728 -0.425762475 -0.0143125653 -0.425762475 2.04293728 0 0 0.99999994
FACE __mirrorClone_teleporter rooms::mirUV 3.7030499 0 15.4293747 2.46869993 4.99911785 14.8121996 3.7030499 8.27014446 15.4293747 -1.86583757 2.04293728 -2.07156253 1.20975113 -1.86583757 0.664580047 -0.44721368 0 0.89442718
FACE __mirrorClone_teleporter rooms::mirUV -2.46869993 4.99911785 14.8121996 -3.7030499 0 15.4293747 -3.7030499 8.27014446 15.4293747 -2.89446259 1.20975113 -3.10018754 2.04293728 -3.10018754 0.664580047 0.44721365 -1.90394922e-10 0.89442718
FACE __mirrorClone_teleporter rooms::mirUV -12.3435001 0 28.3900471 -12.3435001 12.3435001 15.4293747 -12.3435001 0 15.4293747 3.32871842 2.04293728 5.48883104 -0.0143125653 5.48883104 2.04293728 0.99999994 0 0
FACE __mirrorClone_teleporter rooms::mirUV -12.3435001 0 15.4293747 -3.7030499 12.3435001 15.4293747 -3.7030499 0 15.4293747 -4.5402627 2.04293728 -3.10018754 -0.0143125653 -3.10018754 2.04293728 0 0 0.99999994
FACE __mirrorClone_teleporter floor::mirUV 12.3435001 0 28.3900471 -12.3435001 0 15.4293747 12.3435001 0 15.4293747 1.33865142 1.81953895 -0.340319604 0.959543884 1.33977222 0.959152758 0 0.99999994 0
FACE __mirrorClone_teleporter floor::mirUV -12.3435001 0 15.4293747 12.3435001 0 28.3900471 -12.3435001 0 28.3900471 -0.340319604 0.959543884 1.33865142 1.81953895 -0.340618134 1.82078135 0 0.99999994 0
FACE __mirrorClone_teleporter floor::mirUV -2.46869993 3.67864983e-09 14.8121996 3.7030499 0 15.4293747 -3.7030499 0 15.4293747 0.331779748 0.91891247 0.751844108 0.959863305 0.247738495 0.95998168 -1.79630773e-17 1 5.96046412e-09
FACE __mirrorClone_teleporter rooms 12.3435001 12.3435001 34.5618019 12.3435001 7.4060998 28.3900471 12.3435001 12.3435001 28.3900471 2.30009317 -0.0143125653 3.32871842 0.808587432 3.32871842 -0.0143125653 -1 0 0
FACE __mirrorClone_teleporter rooms::mirUV -12.3435001 7.4060998 28.3900471 -12.3435001 12.3435001 34.5618019 -12.3435001 12.3435001 28.3900471 3.32871842 0.808587432 2.30009317 -0.0143125653 3.32871842 -0.0143125653 1 0 0
FACE __mirrorClone_teleporter rooms 12.3435001 7.4060998 28.3900471 12.3435001 12.3435001 34.5618019 12.3435001 7.4060998 34.5618019 3.32871842 0.808587432 2.30009317 -0.0143125653 2.30009317 0.808587432 -1 0 0
FACE __mirrorClone_teleporter rooms 13.5778494 6.78892469 33.9446259 12.3435001 7.4060998 29.0072231 12.3435001 7.4060998 33.9446259 -0.220037639 -1.40295565 -0.425762475 -2.22585583 -0.425762475 -1.40295565 -0.447213858 -0.894427001 0
FACE __mirrorClone_teleporter rooms 12.3435001 7.4060998 29.0072231 13.5778494 6.78892469 33.9446259 13.5778494 6.78892469 29.0072231 -0.425762475 -2.22585583 -0.220037639 -1.40295565 -0.220037639 -2.22585583 -0.447213858 -0.894427001 0
FACE __mirrorClone_teleporter rooms 12.3435001 7.4060998 29.0072231 12.3435001 6.78892469 28.3900471 12.3435001 7.4060998 28.3900471 3.22585583 0.808587432 3.32871842 0.911450028 3.32871842 0.808587432 -1 0 0
FACE __mirrorClone_teleporter rooms 12.3435001 6.78892469 28.3900471 12.3435001 7.4060998 29.0072231 13.5778494 6.78892469 29.0072231 -0.425762475 -2.32871842 -0.425762475 -2.22585583 -0.220037639 -2.22585583 -0.33333376 -0.666667044 0.666666031
FACE __mirrorClone_teleporter rooms 13.5778494 6.78892469 33.9446259 12.3435001 7.4060998 34.5618019 12.3435001 6.78892469 34.5618019 -0.220037639 0.911450028 -0.425762475 0.808587432 -0.425762475 0.911450028 -0.447213352 8.34396019e-09 -0.894427359
FACE __mirrorClone_teleporter rooms 12.3435001 7.4060998 34.5618019 13.5778494 6.78892469 33.9446259 12.3435001 7.4060998 33.9446259 -0.425762475 -1.30009329 -0.220037639 -1.40295565 -0.425762475 -1.40295565 -0.447213858 -0.894427001 0
FACE __mirrorClone_teleporter rooms::mirUV -12.3435001 12.3435001 34.5618019 -12.3435001 7.4060998 28.3900471 -12.3435001 7.4060998 34.5618019 2.30009317 -0.0143125653 3.32871842 0.808587432 2.30009317 0.808587432 1 0 0
FACE __mirrorClone_teleporter rooms -12.3435001 7.4060998 29.0072231 -13.5778494 6.78892469 33.9446259 -12.3435001 7.4060998 33.9446259 -4.5402627 -2.22585583 -4.74598742 -1.40295565 -4.5402627 -1.40295565 0.447213858 -0.894427001 0
FACE __mirrorClone_teleporter rooms -13.5778494 6.78892469 33.9446259 -12.3435001 7.4060998 29.0072231 -13.5778494 6.78892469 29.0072231 -4.74598742 -1.40295565 -4.5402627 -2.22585583 -4.74598742 -2.22585583 0.447213858 -0.894427001 0
FACE __mirrorClone_teleporter rooms::mirUV -13.5778494 6.78892469 29.0072231 -12.3435001 7.4060998 28.3900471 -12.3435001 6.78892469 28.3900471 -4.74598742 0.911450028 -4.5402627 0.808587432 -4.5402627 0.911450028 0.447214395 -2.65887454e-08 0.894426763
FACE __mirrorClone_teleporter rooms -12.3435001 7.4060998 28.3900471 -13.5778494 6.78892469 29.0072231 -12.3435001 7.4060998 29.0072231 -4.5402627 -2.32871842 -4.74598742 -2.22585583 -4.5402627 -2.22585583 0.447213888 -0.894427061 0
FACE __mirrorClone_teleporter rooms -12.3435001 7.4060998 34.5618019 -13.5778494 6.78892469 33.9446259 -12.3435001 6.78892469 34.5618019 -4.5402627 0.808587432 -4.74598742 0.911450028 -4.5402627 0.911450028 0.447213352 0 -0.894427359
FACE __mirrorClone_teleporter rooms -13.5778494 6.78892469 33.9446259 -12.3435001 7.4060998 34.5618019 -12.3435001 7.4060998 33.9446259 -4.74598742 -1.40295565 -4.5402627 -1.30009329 -4.5402627 -1.40295565 0.447213858 -0.894427001 0
FACE __mirrorClone_teleporter rooms 13.5778494 6.78892469 33.9446259 13.5778494 3.08587503 29.0072231 13.5778494 6.78892469 29.0072231 2.40295553 0.911450028 3.22585583 1.52862489 3.22585583 0.911450028 -1 0 0
FACE __mirrorClone_teleporter rooms::mirUV 13.5778494 6.78892469 29.0072231 12.3435001 3.08587503 28.3900471 12.3435001 6.78892469 28.3900471 -0.220037639 0.911450028 -0.425762475 1.52862489 -0.425762475 0.911450028 -0.447214395 4.43145876e-09 0.894426763
FACE __mirrorClone_teleporter rooms 12.3435001 3.08587503 34.5618019 13.5778494 6.78892469 33.9446259 12.3435001 6.78892469 34.5618019 -0.425762475 1.52862489 -0.220037639 0.911450028 -0.425762475 0.911450028 -0.447213322 0 -0.894427299
FACE __mirrorClone_teleporter rooms::mirUV -13.5778494 3.08587503 29.0072231 -13.5778494 6.78892469 33.9446259 -13.5778494 6.78892469 29.0072231 3.22585583 1.52862489 2.40295553 0.911450028 3.22585583 0.911450028 1 0 0
FACE __mirrorClone_teleporter rooms::mirUV -12.3435001 6.78892469 28.3900471 -13.5778494 3.08587503 29.0072231 -13.5778494 6.78892469 29.0072231 -4.5402627 0.911450028 -4.74598742 1.52862489 -4.74598742 0.911450028 0.447214395 -4.43145876e-09 0.894426763
FACE __mirrorClone_teleporter rooms -13.5778494 6.78892469 33.9446259 -12.3435001 3.08587503 34.5618019 -12.3435001 6.78892469 34.5618019 -4.74598742 0.911450028 -4.5402627 1.52862489 -4.5402627 0.911450028 0.447213322 -1.39066025e-09 -0.894427299
FACE __mirrorClone_teleporter rooms 13.5778494 3.08587503 29.0072231 13.5778494 6.78892469 33.9446259 13.5778494 3.08587503 33.9446259 3.22585583 1.52862489 2.40295553 0.911450028 2.40295553 1.52862489 -1 0 0
FACE __mirrorClone_teleporter rooms::mirUV 12.3435001 3.08587503 28.3900471 13.5778494 6.78892469 29.0072231 13.5778494 3.08587503 29.0072231 -0.425762475 1.52862489 -0.220037639 0.911450028 -0.220037639 1.52862489 -0.447214395 4.43145876e-09 0.894426763
FACE __mirrorClone_teleporter rooms::mirUV 12.3435001 2.46869993 29.0072231 13.5778494 3.08587503 33.9446259 12.3435001 2.46869993 33.9446259 -0.425762475 -2.22585583 -0.220037639 -1.40295565 -0.425762475 -1.40295565 -0.447213858 0.894427001 0
FACE __mirrorClone_teleporter rooms::mirUV 13.5778494 3.08587503 33.9446259 12.3435001 2.46869993 29.0072231 13.5778494 3.08587503 29.0072231 -0.220037639 -1.40295565 -0.425762475 -2.22585583 -0.220037639 -2.22585583 -0.447213858 0.894427001 0
FACE __mirrorClone_teleporter rooms::mirUV 13.5778494 3.08587503 29.0072231 12.3435001 2.46869993 28.3900471 12.3435001 3.08587503 28.3900471 -0.220037639 1.52862489 -0.425762475 1.63148749 -0.425762475 1.52862489 -0.447214395 2.65887454e-08 0.894426763
FACE __mirrorClone_teleporter rooms::mirUV 12.3435001 2.46869993 28.3900471 13.5778494 3.08587503 29.0072231 12.3435001 2.46869993 29.0072231 -0.425762475 -2.32871842 -0.220037639 -2.22585583 -0.425762475 -2.22585583 -0.447213888 0.894427061 0
FACE __mirrorClone_teleporter rooms 13.5778494 6.78892469 33.9446259 12.3435001 3.08587503 34.5618019 13.5778494 3.08587503 33.9446259 -0.220037639 0.911450028 -0.425762475 1.52862489 -0.220037639 1.52862489 -0.447213322 0 -0.894427299
FACE __mirrorClone_teleporter rooms 12.3435001 2.46869993 34.5618019 13.5778494 3.08587503 33.9446259 12.3435001 3.08587503 34.5618019 -0.425762475 1.63148749 -0.220037639 1.52862489 -0.425762475 1.52862489 -0.447213352 0 -0.894427359
FACE __mirrorClone_teleporter rooms::mirUV 13.5778494 3.08587503 33.9446259 12.3435001 2.46869993 34.5618019 12.3435001 2.46869993 33.9446259 -0.220037639 -1.40295565 -0.425762475 -1.30009329 -0.425762475 -1.40295565 -0.447213858 0.894427001 0
FACE __mirrorClone_teleporter rooms::mirUV -13.5778494 6.78892469 33.9446259 -13.5778494 3.08587503 29.0072231 -13.5778494 3.08587503 33.9446259 2.40295553 0.911450028 3.22585583 1.52862489 2.40295553 1.52862489 1 0 0
FACE __mirrorClone_teleporter rooms::mirUV -13.5778494 3.08587503 29.0072231 -12.3435001 6.78892469 28.3900471 -12.3435001 3.08587503 28.3900471 -4.74598742 1.52862489 -4.5402627 0.911450028 -4.5402627 1.52862489 0.447214395 -4.43145876e-09 0.894426763
FACE __mirrorClone_teleporter rooms::mirUV -13.5778494 3.08587503 33.9446259 -12.3435001 2.46869993 29.0072231 -12.3435001 2.46869993 33.9446259 -4.74598742 -1.40295565 -4.5402627 -2.22585583 -4.5402627 -1.40295565 0.447213858 0.894427001 0
FACE __mirrorClone_teleporter rooms::mirUV -12.3435001 2.46869993 29.0072231 -13.5778494 3.08587503 33.9446259 -13.5778494 3.08587503 29.0072231 -4.5402627 -2.22585583 -4.74598742 -1.40295565 -4.74598742 -2.22585583 0.447213858 0.894427001 0
FACE __mirrorClone_teleporter rooms::mirUV -12.3435001 2.46869993 29.0072231 -12.3435001 3.08587503 28.3900471 -12.3435001 2.46869993 28.3900471 3.22585583 1.63148749 3.32871842 1.52862489 3.32871842 1.63148749 1 0 0
FACE __mirrorClone_teleporter rooms::mirUV -12.3435001 3.08587503 28.3900471 -12.3435001 2.46869993 29.0072231 -13.5778494 3.08587503 29.0072231 -4.5402627 -2.32871842 -4.5402627 -2.22585583 -4.74598742 -2.22585583 0.33333376 0.666667044 0.666666031
FACE __mirrorClone_teleporter rooms -12.3435001 3.08587503 34.5618019 -13.5778494 6.78892469 33.9446259 -13.5778494 3.08587503 33.9446259 -4.5402627 1.52862489 -4.74598742 0.911450028 -4.74598742 1.52862489 0.447213322 -1.39066025e-09 -0.894427299
FACE __mirrorClone_teleporter rooms -13.5778494 3.08587503 33.9446259 -12.3435001 2.46869993 34.5618019 -12.3435001 3.08587503 34.5618019 -4.74598742 1.52862489 -4.5402627 1.63148749 -4.5402627 1.52862489 0.447213352 -8.34396019e-09 -0.894427359
FACE __mirrorClone_teleporter rooms::mirUV -12.3435001 2.46869993 34.5618019 -13.5778494 3.08587503 33.9446259 -12.3435001 2.46869993 33.9446259 -4.5402627 -1.30009329 -4.74598742 -1.40295565 -4.5402627 -1.40295565 0.447213858 0.894427001 0
FACE __mirrorClone_teleporter rooms 12.3435001 2.46869993 28.3900471 12.3435001 0 34.5618019 12.3435001 0 28.3900471 3.32871842 1.63148749 2.30009317 2.04293728 3.32871842 2.04293728 -0.99999994 0 0
FACE __mirrorClone_teleporter rooms 12.3435001 0 34.5618019 12.3435001 2.46869993 28.3900471 12.3435001 2.46869993 34.5618019 2.30009317 2.04293728 3.32871842 1.63148749 2.30009317 1.63148749 -0.99999994 0 0
FACE __mirrorClone_teleporter floor::mirUV 12.3435001 0 34.5618019 -12.3435001 0 28.3900471 12.3435001 0 28.3900471 1.33789551 2.22809339 -0.340618134 1.82078135 1.33865142 1.81953895 0 1 0
FACE __mirrorClone_teleporter floor::mirUV -12.3435001 0 28.3900471 12.3435001 0 34.5618019 -12.3435001 0 34.5618019 -0.340618134 1.82078135 1.33789551 2.22809339 -0.340678155 2.22968125 0 1 0
FACE __mirrorClone_teleporter rooms::mirUV -12.3435001 2.46869993 34.5618019 -12.3435001 0 28.3900471 -12.3435001 0 34.5618019 2.30009317 1.63148749 3.32871842 2.04293728 2.30009317 2.04293728 0.99999994 0 0
FACE __mirrorClone_teleporter rooms::mirUV -12.3435001 0 28.3900471 -12.3435001 2.46869993 34.5618019 -12.3435001 2.46869993 28.3900471 3.32871842 2.04293728 2.30009317 1.63148749 3.32871842 1.63148749 0.99999994 0 0
FACE __mirrorClone_teleporter rooms 12.3435001 12.3435001 46.9053001 12.3435001 0 34.5618019 12.3435001 12.3435001 34.5618019 0.242843628 -0.0143125653 2.30009317 2.04293728 2.30009317 -0.0143125653 -1 0 0
FACE __mirrorClone_teleporter rooms::mirUV -12.3435001 12.3435001 34.5618019 -12.3435001 0 46.9053001 -12.3435001 12.3435001 46.9053001 2.30009317 -0.0143125653 0.242843628 2.04293728 0.242843628 -0.0143125653 1 0 0
FACE __mirrorClone_teleporter rooms 12.3435001 0 34.5618019 12.3435001 12.3435001 46.9053001 12.3435001 0 46.9053001 2.30009317 2.04293728 0.242843628 -0.0143125653 0.242843628 2.04293728 -1 0 0
FACE __mirrorClone_teleporter rooms::mirUV -12.3435001 0 46.9053001 -12.3435001 12.3435001 34.5618019 -12.3435001 0 34.5618019 0.242843628 2.04293728 2.30009317 -0.0143125653 2.30009317 2.04293728 1 0 0
FACE __mirrorClone_teleporter floor::mirUV 12.3435001 0 46.9053001 -12.3435001 0 34.5618019 12.3435001 0 34.5618019 1.33588505 3.04316235 -0.340678155 2.22968125 1.33789551 2.22809339 0 1 0
FACE __mirrorClone_teleporter floor::mirUV -12.3435001 0 34.5618019 12.3435001 0 46.9053001 -12.3435001 0 46.9053001 -0.340678155 2.22968125 1.33588505 3.04316235 -0.34073481 3.04525638 0 1 0
FACE __mirrorClone_teleporter rooms 9.87479973 11.1091499 46.9053001 12.3435001 12.3435001 46.9053001 9.87479973 12.3435001 46.9053001 -0.837212563 0.191412449 -0.425762475 -0.0143125653 -0.837212563 -0.0143125653 0 0 -1
FACE __mirrorClone_teleporter rooms 9.87479973 12.3435001 46.9053001 4.93739986 12.3435001 46.9053001 9.87479973 11.1091499 46.9053001 -0.837212563 -0.0143125653 -1.66011262 -0.0143125653 -0.837212563 0.191412449 0 0 -1
FACE __mirrorClone_teleporter rooms 9.87479973 11.1091499 46.9053001 12.3435001 4.93739986 46.9053001 12.3435001 12.3435001 46.9053001 -0.837212563 0.191412449 -0.425762475 1.22003746 -0.425762475 -0.0143125653 0 0 -1
FACE __mirrorClone_teleporter rooms 9.87479973 11.1091499 46.9053001 4.93739986 12.3435001 46.9053001 4.93739986 8.64045048 46.9053001 -0.837212563 0.191412449 -1.66011262 -0.0143125653 -1.66011262 0.602862358 0 0 -1
FACE __mirrorClone_teleporter rooms 4.93739986 8.64045048 46.9053001 2.46869993 12.3435001 46.9053001 2.46869993 7.4060998 46.9053001 -1.66011262 0.602862358 -2.07156253 -0.0143125653 -2.07156253 0.808587432 0 0 -0.99999994
FACE __mirrorClone_teleporter rooms 4.93739986 12.3435001 46.9053001 2.46869993 12.3435001 46.9053001 4.93739986 8.64045048 46.9053001 -1.66011262 -0.0143125653 -2.07156253 -0.0143125653 -1.66011262 0.602862358 0 0 -1
FACE __mirrorClone_teleporter rooms -4.93739986 4.93739986 46.9053001 -2.46869993 12.3435001 46.9053001 -4.93739986 12.3435001 46.9053001 -3.30591273 1.22003746 -2.89446259 -0.0143125653 -3.30591273 -0.0143125653 0 0 -1
FACE __mirrorClone_teleporter rooms 2.46869993 12.3435001 46.9053001 -2.46869993 12.3435001 46.9053001 2.46869993 7.4060998 46.9053001 -2.07156253 -0.0143125653 -2.89446259 -0.0143125653 -2.07156253 0.808587432 0 0 -0.99999994
FACE __mirrorClone_teleporter rooms -9.87479973 4.93739986 46.9053001 -4.93739986 12.3435001 46.9053001 -9.87479973 12.3435001 46.9053001 -4.12881231 1.22003746 -3.30591273 -0.0143125653 -4.12881231 -0.0143125653 0 0 -1
FACE __mirrorClone_teleporter rooms -12.3435001 4.93739986 46.9053001 -9.87479973 12.3435001 46.9053001 -12.3435001 12.3435001 46.9053001 -4.5402627 1.22003746 -4.12881231 -0.0143125653 -4.5402627 -0.0143125653 0 0 -1
FACE __mirrorClone_teleporter rooms 9.87479973 4.93739986 46.9053001 12.3435001 4.93739986 46.9053001 9.87479973 11.1091499 46.9053001 -0.837212563 1.22003746 -0.425762475 1.22003746 -0.837212563 0.191412449 0 0 -1
FACE __mirrorClone_teleporter rooms 4.93739986 8.64045048 46.9053001 9.87479973 4.93739986 46.9053001 9.87479973 11.1091499 46.9053001 -1.66011262 0.602862358 -0.837212563 1.22003746 -0.837212563 0.191412449 0 0 -1
FACE __mirrorClone_teleporter rooms 2.46869993 7.4060998 46.9053001 4.93739986 4.93739986 46.9053001 4.93739986 8.64045048 46.9053001 -2.07156253 0.808587432 -1.66011262 1.22003746 -1.66011262 0.602862358 0 0 -1
FACE __mirrorClone_teleporter rooms -2.46869993 12.3435001 46.9053001 -4.93739986 4.93739986 46.9053001 -2.46869993 4.93739986 46.9053001 -2.89446259 -0.0143125653 -3.30591273 1.22003746 -2.89446259 1.22003746 0 0 -1
FACE __mirrorClone_teleporter rooms 2.46869993 7.4060998 46.9053001 -2.46869993 12.3435001 46.9053001 -2.46869993 4.93739986 46.9053001 -2.07156253 0.808587432 -2.89446259 -0.0143125653 -2.89446259 1.22003746 0 0 -1
FACE __mirrorClone_teleporter rooms -4.93739986 12.3435001 46.9053001 -9.87479973 4.93739986 46.9053001 -4.93739986 4.93739986 46.9053001 -3.30591273 -0.0143125653 -4.12881231 1.22003746 -3.30591273 1.22003746 0 0 -1
FACE __mirrorClone_teleporter rooms -9.87479973 12.3435001 46.9053001 -12.3435001 4.93739986 46.9053001 -9.87479973 4.93739986 46.9053001 -4.12881231 -0.0143125653 -4.5402627 1.22003746 -4.12881231 1.22003746 0 0 -1
FACE __mirrorClone_teleporter rooms 4.93739986 4.93739986 46.9053001 9.87479973 4.93739986 46.9053001 4.93739986 8.64045048 46.9053001 -1.66011262 1.22003746 -0.837212563 1.22003746 -1.66011262 0.602862358 0 0 -1
FACE __mirrorClone_teleporter rooms 2.46869993 4.93739986 46.9053001 4.93739986 4.93739986 46.9053001 2.46869993 7.4060998 46.9053001 -2.07156253 1.22003746 -1.66011262 1.22003746 -2.07156253 0.808587432 0 0 -0.99999994
FACE __mirrorClone_teleporter rooms 2.46869993 4.93739986 46.9053001 2.46869993 7.4060998 46.9053001 -2.46869993 4.93739986 46.9053001 -2.07156253 1.22003746 -2.07156253 0.808587432 -2.89446259 1.22003746 0 0 -0.99999994
FACE __mirrorClone_teleporter rooms 9.87479973 4.93739986 46.9053001 12.3435001 0 46.9053001 12.3435001 4.93739986 46.9053001 -0.837212563 1.22003746 -0.425762475 2.04293728 -0.425762475 1.22003746 0 0 -1
FACE __mirrorClone_teleporter rooms 9.87479973 4.93739986 59.2488022 9.87479973 0 46.9053001 9.87479973 4.93739986 46.9053001 -1.81440663 1.22003746 0.242843628 2.04293728 0.242843628 1.22003746 -0.99999994 0 0
FACE __mirrorClone_teleporter rooms 2.46869993 0 46.9053001 4.93739986 4.93739986 46.9053001 2.46869993 4.93739986 46.9053001 -2.07156253 2.04293728 -1.66011262 1.22003746 -2.07156253 1.22003746 0 0 -0.99999994
FACE __mirrorClone_teleporter rooms -4.93739986 0 59.2488022 -4.93739986 4.93739986 46.9053001 -4.93739986 4.93739986 59.2488022 -1.81440663 2.04293728 0.242843628 1.22003746 -1.81440663 1.22003746 -0.99999994 0 0
FACE __mirrorClone_teleporter rooms -4.93739986 4.93739986 46.9053001 -4.93739986 0 59.2488022 -4.93739986 3.7030499 46.9053001 0.242843628 1.22003746 -1.81440663 2.04293728 0.242843628 1.42576241 -0.99999994 0 0
FACE __mirrorClone_teleporter rooms::mirUV -2.46869993 0 46.9053001 -2.46869993 4.93739986 71.2960587 -2.46869993 4.93739986 46.9053001 0.242843628 2.04293728 -3.82228279 1.22003746 0.242843628 1.22003746 1 0 0
FACE __mirrorClone_teleporter rooms -4.93739986 4.93739986 46.9053001 -4.93739986 3.7030499 46.9053001 -2.46869993 4.93739986 46.9053001 -3.30591273 1.22003746 -3.30591273 1.42576241 -2.89446259 1.22003746 0 0 -0.99999994
FACE __mirrorClone_teleporter rooms -4.93739986 3.7030499 46.9053001 -2.46869993 0 46.9053001 -2.46869993 4.93739986 46.9053001 -3.30591273 1.42576241 -2.89446259 2.04293728 -2.89446259 1.22003746 0 0 -0.99999994
FACE __mirrorClone_teleporter rooms::mirUV -9.87479973 1.23434997 46.9053001 -9.87479973 4.93739986 59.2488022 -9.87479973 4.93739986 46.9053001 0.242843628 1.83721244 -1.81440663 1.22003746 0.242843628 1.22003746 1 0 0
FACE __mirrorClone_teleporter rooms -9.87479973 4.93739986 46.9053001 -12.3435001 4.93739986 46.9053001 -9.87479973 1.23434997 46.9053001 -4.12881231 1.22003746 -4.5402627 1.22003746 -4.12881231 1.83721244 0 0 -1
FACE __mirrorClone_teleporter rooms 12.3435001 0 46.9053001 9.87479973 4.93739986 46.9053001 9.87479973 0 46.9053001 -0.425762475 2.04293728 -0.837212563 1.22003746 -0.837212563 2.04293728 0 0 -1
FACE __mirrorClone_teleporter floor::mirUV 9.87479973 0 59.2488022 4.93739986 0 46.9053001 9.87479973 0 46.9053001 1.16597319 3.85622144 0.833312571 3.044209 1.16841722 3.0435493 0 0.99999994 0
FACE __mirrorClone_teleporter rooms::mirUV 5.51533461 0 61.5667725 4.93739986 4.93739986 46.9053001 4.93739986 0 46.9053001 -2.20073509 2.04293728 0.242843628 1.22003746 0.242843628 2.04293728 0.999223948 -1.99076089e-09 -0.0393880121
FACE __mirrorClone_teleporter rooms 9.87479973 0 46.9053001 9.87479973 4.93739986 59.2488022 9.87479973 0 59.2488022 0.242843628 2.04293728 -1.81440663 1.22003746 -1.81440663 2.04293728 -0.99999994 0 0
FACE __mirrorClone_teleporter rooms 2.46869993 4.93739986 46.9053001 2.46869993 0 71.2960587 2.46869993 0 46.9053001 0.242843628 1.22003746 -3.82228279 2.04293728 0.242843628 2.04293728 -1 0 0
FACE __mirrorClone_teleporter rooms 4.93739986 4.93739986 46.9053001 2.46869993 0 46.9053001 4.93739986 0 46.9053001 -1.66011262 1.22003746 -2.07156253 2.04293728 -1.66011262 2.04293728 0 0 -0.99999994
FACE __mirrorClone_teleporter rooms -4.93739986 3.7030499 46.9053001 -4.93739986 0 59.2488022 -4.93739986 0 46.9053001 0.242843628 1.42576241 -1.81440663 2.04293728 0.242843628 2.04293728 -1 0 0
FACE __mirrorClone_teleporter floor::mirUV 2.46869993 0 46.9053001 -2.46869993 0 71.2960587 -2.46869993 0 46.9053001 0.665686369 3.04448056 0.327820957 4.64875174 0.330314845 3.04490399 0 1 0
FACE __mirrorClone_teleporter rooms -4.93739986 0 46.9053001 -2.46869993 0 46.9053001 -4.93739986 3.7030499 46.9053001 -3.30591273 2.04293728 -2.89446259 2.04293728 -3.30591273 1.42576241 0 0 -1
FACE __mirrorClone_teleporter rooms::mirUV -9.87479973 4.93739986 59.2488022 -9.87479973 0 46.9053001 -9.87479973 0 59.2488022 -1.81440663 1.22003746 0.242843628 2.04293728 -1.81440663 2.04293728 0.99999994 0 0
FACE __mirrorClone_teleporter rooms::mirUV -9.87479973 0 46.9053001 -9.87479973 4.93739986 59.2488022 -9.87479973 1.23434997 46.9053001 0.242843628 2.04293728 -1.81440663 1.22003746 0.242843628 1.83721244 0.99999994 0 0
FACE __mirrorClone_teleporter floor::mirUV -9.87479973 0 59.2488022 -4.93739986 0 46.9053001 -4.93739986 0 59.2488022 -0.173264712 3.85805392 0.162581459 3.04505467 0.161791608 3.85779476 0 0.99999994 0
FACE __mirrorClone_teleporter floor::mirUV -4.93739986 0 46.9053001 -9.87479973 0 59.2488022 -9.87479973 0 46.9053001 0.162581459 3.04505467 -0.173264712 3.85805392 -0.172949716 3.04523134 0 0.99999994 0
FACE __mirrorClone_teleporter rooms -9.87479973 1.23434997 46.9053001 -12.3435001 4.93739986 46.9053001 -12.3435001 0 46.9053001 -4.12881231 1.83721244 -4.5402627 1.22003746 -4.5402627 2.04293728 0 0 -1
FACE __mirrorClone_teleporter rooms -9.87479973 1.23434997 46.9053001 -12.3435001 0 46.9053001 -9.87479973 0 46.9053001 -4.12881231 1.83721244 -4.5402627 2.04293728 -4.12881231 2.04293728 0 0 -1
FACE __mirrorClone_teleporter rooms::mirUV 49.3740005 0 59.2488022 17.8980751 18.5152493 59.2488022 49.3740005 18.5152493 59.2488022 5.74598742 2.04293728 0.5 -1.0429374 5.74598742 -1.0429374 0 0 1
FACE __mirrorClone_teleporter rooms::mirUV 17.8980751 0 59.2488022 17.8980751 18.5152493 67.8892517 17.8980751 18.5152493 59.2488022 -1.81440663 2.04293728 -3.25448155 -1.0429374 -1.81440663 -1.0429374 1 0 0
FACE __mirrorClone_teleporter rooms::mirUV 17.8980751 18.5152493 59.2488022 49.3740005 0 59.2488022 17.8980751 0 59.2488022 0.5 -1.0429374 5.74598742 2.04293728 0.5 2.04293728 0 0 1
FACE __mirrorClone_teleporter rooms::mirUV 17.8980751 18.5152493 67.8892517 17.8980751 0 59.2488022 17.8980751 0 67.8892517 -3.25448155 -1.0429374 -1.81440663 2.04293728 -3.25448155 2.04293728 1 0 0
FACE __mirrorClone_teleporter rooms -4.93739986 6.17175007 66.0377197 -4.93739986 4.93739986 59.2488022 -4.93739986 6.17175007 59.2488022 -2.94589353 1.01431251 -1.81440663 1.22003746 -1.81440663 1.01431251 -1 0 0
FACE __mirrorClone_teleporter rooms -4.93739986 4.93739986 59.2488022 -4.93739986 6.17175007 66.0377197 -4.93739986 4.93739986 66.0377197 -1.81440663 1.22003746 -2.94589353 1.01431251 -2.94589353 1.22003746 -1 0 0
FACE __mirrorClone_teleporter rooms::mirUV -9.87479973 4.93739986 59.2488022 -4.93739986 6.17175007 59.2488022 -4.93739986 4.93739986 59.2488022 -4.12881231 1.22003746 -3.30591273 1.01431251 -3.30591273 1.22003746 0 0 1
FACE __mirrorClone_teleporter rooms::mirUV -4.93739986 6.17175007 59.2488022 -9.87479973 4.93739986 59.2488022 -9.87479973 6.17175007 59.2488022 -3.30591273 1.01431251 -4.12881231 1.22003746 -4.12881231 1.01431251 0 0 1
FACE __mirrorClone_teleporter rooms::mirUV -12.3435001 6.17175007 59.2488022 -9.87479973 4.93739986 59.2488022 -12.3435001 4.93739986 59.2488022 -4.5402627 1.01431251 -4.12881231 1.22003746 -4.5402627 1.22003746 0 0 1
FACE __mirrorClone_teleporter rooms::mirUV -9.87479973 4.93739986 59.2488022 -12.3435001 6.17175007 59.2488022 -9.87479973 6.17175007 59.2488022 -4.12881231 1.22003746 -4.5402627 1.01431251 -4.12881231 1.01431251 0 0 1
FACE __mirrorClone_teleporter rooms::mirUV -12.3435001 4.93739986 59.2488022 -12.3435001 6.17175007 66.0377197 -12.3435001 6.17175007 59.2488022 -1.81440663 1.22003746 -2.94589353 1.01431251 -1.81440663 1.01431251 1 0 0
FACE __mirrorClone_teleporter rooms::mirUV -12.3435001 6.17175007 66.0377197 -12.3435001 4.93739986 59.2488022 -12.3435001 4.93739986 66.0377197 -2.94589353 1.01431251 -1.81440663 1.22003746 -2.94589353 1.22003746 1 0 0
FACE __mirrorClone_teleporter rooms 12.7449055 0 64.7989044 9.87479973 4.93739986 59.2488022 12.7449055 4.93739986 64.7989044 -2.73942447 2.04293728 -1.81440663 1.22003746 -2.73942447 1.22003746 -0.888259411 0 0.459342271
FACE __mirrorClone_teleporter rooms::mirUV 5.51533461 0 61.5667725 9.98394775 4.93739986 68.8921967 5.51533461 4.93739986 61.5667725 -2.20073509 2.04293728 -3.4216392 1.22003746 -2.20073509 1.22003746 0.853698254 0 -0.520768106
FACE __mirrorClone_teleporter rooms::mirUV 4.93739986 4.93739986 46.9053001 5.51533461 0 61.5667725 5.51533461 4.93739986 61.5667725 0.242843628 1.22003746 -2.20073509 2.04293728 -2.20073509 1.22003746 0.999223948 -1.99076089e-09 -0.0393880121
FACE __mirrorClone_teleporter rooms 2.46869993 0 71.2960587 2.46869993 4.93739986 46.9053001 2.46869993 4.93739986 71.2960587 -3.82228279 2.04293728 0.242843628 1.22003746 -3.82228279 1.22003746 -1 0 0
FACE __mirrorClone_teleporter rooms -4.93739986 4.93739986 66.0377197 -4.93739986 0 59.2488022 -4.93739986 4.93739986 59.2488022 -2.94589353 1.22003746 -1.81440663 2.04293728 -1.81440663 1.22003746 -1 0 0
FACE __mirrorClone_teleporter rooms::mirUV -9.87479973 0 59.2488022 -12.3435001 4.93739986 59.2488022 -9.87479973 4.93739986 59.2488022 -4.12881231 2.04293728 -4.5402627 1.22003746 -4.12881231 1.22003746 0 0 1
FACE __mirrorClone_teleporter rooms::mirUV -12.3435001 4.93739986 59.2488022 -12.3435001 0 66.0377197 -12.3435001 4.93739986 66.0377197 -1.81440663 1.22003746 -2.94589353 2.04293728 -2.94589353 1.22003746 1 0 0
FACE __mirrorClone_teleporter rooms 9.87479973 4.93739986 59.2488022 12.7449055 0 64.7989044 9.87479973 0 59.2488022 -1.81440663 1.22003746 -2.73942447 2.04293728 -1.81440663 2.04293728 -0.888259411 -0 0.459342271
FACE __mirrorClone_teleporter floor::mirUV 5.51533461 0 61.5667725 12.7449055 0 64.7989044 9.98394775 0 68.8921967 0.870189428 4.00917244 1.35879791 4.22055912 1.17092979 4.48973703 0 1 0
FACE __mirrorClone_teleporter floor::mirUV 9.87479973 0 59.2488022 12.7449055 0 64.7989044 5.51533461 0 61.5667725 1.16597319 3.85622144 1.35879791 4.22055912 0.870189428 4.00917244 0 1 0
FACE __mirrorClone_teleporter floor::mirUV 4.93739986 0 46.9053001 9.87479973 0 59.2488022 5.51533461 0 61.5667725 0.833312571 3.044209 1.16597319 3.85622144 0.870189428 4.00917244 0 1 0
FACE __mirrorClone_teleporter rooms -4.93739986 0 59.2488022 -4.93739986 4.93739986 66.0377197 -4.93739986 0 66.0377197 -1.81440663 2.04293728 -2.94589353 1.22003746 -2.94589353 2.04293728 -1 0 0
FACE __mirrorClone_teleporter floor::mirUV -2.46869993 0 71.2960587 2.46869993 0 46.9053001 2.46869993 0 71.2960587 0.327820957 4.64875174 0.665686369 3.04448056 0.66201359 4.6483283 0 1 0
FACE __mirrorClone_teleporter rooms::mirUV -2.46869993 4.93739986 71.2960587 -2.46869993 0 46.9053001 -2.46869993 0 71.2960587 -3.82228279 1.22003746 0.242843628 2.04293728 -3.82228279 2.04293728 1 0 0
FACE __mirrorClone_teleporter rooms::mirUV -12.3435001 4.93739986 59.2488022 -9.87479973 0 59.2488022 -12.3435001 0 59.2488022 -4.5402627 1.22003746 -4.12881231 2.04293728 -4.5402627 2.04293728 0 0 1
FACE __mirrorClone_teleporter floor::mirUV -12.3435001 0 59.2488022 -9.87479973 0 66.0377197 -12.3435001 0 66.0377197 -0.340829551 3.85813069 -0.173535571 4.3041172 -0.340948701 4.30420923 0 1 0
FACE __mirrorClone_teleporter floor::mirUV -9.87479973 0 66.0377197 -12.3435001 0 59.2488022 -9.87479973 0 59.2488022 -0.173535571 4.3041172 -0.340829551 3.85813069 -0.173264712 3.85805392 0 1 0
FACE __mirrorClone_teleporter floor::mirUV -4.93739986 0 66.0377197 -9.87479973 0 59.2488022 -4.93739986 0 59.2488022 0.161200464 4.30384159 -0.173264712 3.85805392 0.161791608 3.85779476 0 1 0
FACE __mirrorClone_teleporter floor::mirUV -9.87479973 0 59.2488022 -4.93739986 0 66.0377197 -9.87479973 0 66.0377197 -0.173264712 3.85805392 0.161200464 4.30384159 -0.173535571 4.3041172 0 1 0
FACE __mirrorClone_teleporter rooms::mirUV -12.3435001 0 66.0377197 -12.3435001 4.93739986 59.2488022 -12.3435001 0 59.2488022 -2.94589353 2.04293728 -1.81440663 1.22003746 -1.81440663 2.04293728 1 0 0
FACE __mirrorClone_teleporter rooms::mirUV 17.8980751 4.93739986 67.8892517 17.8980751 18.5152493 72.8266525 17.8980751 18.5152493 67.8892517 -3.25448155 1.22003746 -4.07738161 -1.0429374 -3.25448155 -1.0429374 1 0 0
FACE __mirrorClone_teleporter rooms 49.3740005 18.5152493 85.787323 49.3740005 0 59.2488022 49.3740005 18.5152493 59.2488022 -6.23749352 -1.0429374 -1.81440663 2.04293728 -1.81440663 -1.0429374 -1 0 0
FACE __mirrorClone_teleporter rooms::mirUV 17.8980751 18.5152493 72.8266525 17.8980751 4.93739986 67.8892517 17.8980751 4.93739986 72.8266525 -4.07738161 -1.0429374 -3.25448155 1.22003746 -4.07738161 1.22003746 1 0 0
FACE __mirrorClone_teleporter rooms -4.93739986 6.17175007 66.0377197 -9.87479973 4.93739986 66.0377197 -4.93739986 4.93739986 66.0377197 -3.30591273 1.01431251 -4.12881231 1.22003746 -3.30591273 1.22003746 0 0 -1
FACE __mirrorClone_teleporter rooms -9.87479973 4.93739986 66.0377197 -4.93739986 6.17175007 66.0377197 -9.87479973 6.17175007 66.0377197 -4.12881231 1.22003746 -3.30591273 1.01431251 -4.12881231 1.01431251 0 0 -1
FACE __mirrorClone_teleporter rooms -12.3435001 4.93739986 66.0377197 -9.87479973 6.17175007 66.0377197 -12.3435001 6.17175007 66.0377197 -4.5402627 1.22003746 -4.12881231 1.01431251 -4.5402627 1.01431251 0 0 -1
FACE __mirrorClone_teleporter rooms -9.87479973 6.17175007 66.0377197 -12.3435001 4.93739986 66.0377197 -9.87479973 4.93739986 66.0377197 -4.12881231 1.01431251 -4.5402627 1.22003746 -4.12881231 1.22003746 0 0 -1
FACE __mirrorClone_teleporter rooms 9.98394775 4.93739986 68.8921967 17.8980751 0 72.8266525 17.8980751 4.93739986 72.8266525 -0.819021225 1.22003746 0.5 2.04293728 0.5 1.22003746 0.445166051 -3.15797877e-09 -0.895448029
FACE __mirrorClone_teleporter rooms::mirUV 17.8980751 4.93739986 67.8892517 12.7449055 0 64.7989044 12.7449055 4.93739986 64.7989044 0.5 1.22003746 -0.358861625 2.04293728 -0.358861625 1.22003746 -0.514305055 2.10790851e-09 0.857607305
FACE __mirrorClone_teleporter rooms -2.46869993 4.93739986 71.2960587 2.46869993 0 71.2960587 2.46869993 4.93739986 71.2960587 -2.89446259 1.22003746 -2.07156253 2.04293728 -2.07156253 1.22003746 0 0 -0.99999994
FACE __mirrorClone_teleporter rooms -9.87479973 4.93739986 66.0377197 -4.93739986 0 66.0377197 -4.93739986 4.93739986 66.0377197 -4.12881231 1.22003746 -3.30591273 2.04293728 -3.30591273 1.22003746 0 0 -0.99999994
FACE __mirrorClone_teleporter rooms -12.3435001 0 66.0377197 -9.87479973 4.93739986 66.0377197 -12.3435001 4.93739986 66.0377197 -4.5402627 2.04293728 -4.12881231 1.22003746 -4.5402627 1.22003746 0 0 -1
FACE __mirrorClone_teleporter floor::mirUV 49.3740005 0 85.787323 17.8980751 0 59.2488022 49.3740005 0 59.2488022 3.81106114 5.59415102 1.70900583 3.85491133 3.83063674 3.84728122 0 1 0
FACE __mirrorClone_teleporter floor::mirUV 9.98394775 0 68.8921967 17.8980751 0 67.8892517 17.8980751 0 72.8266525 1.17092979 4.48973703 1.70606351 4.42274523 1.70418382 4.74690247 0 1 0
FACE __mirrorClone_teleporter floor::mirUV 17.8980751 0 67.8892517 9.98394775 0 68.8921967 12.7449055 0 64.7989044 1.70606351 4.42274523 1.17092979 4.48973703 1.35879791 4.22055912 0 1 0
FACE __mirrorClone_teleporter rooms 17.8980751 0 72.8266525 9.98394775 4.93739986 68.8921967 9.98394775 0 68.8921967 0.5 2.04293728 -0.819021225 1.22003746 -0.819021225 2.04293728 0.445166051 -3.15797877e-09 -0.895448029
FACE __mirrorClone_teleporter rooms::mirUV 12.7449055 0 64.7989044 17.8980751 4.93739986 67.8892517 17.8980751 0 67.8892517 -0.358861625 2.04293728 0.5 1.22003746 0.5 2.04293728 -0.514305055 2.10790851e-09 0.857607305
FACE __mirrorClone_teleporter rooms::mirUV 9.98394775 4.93739986 68.8921967 5.51533461 0 61.5667725 9.98394775 0 68.8921967 -3.4216392 1.22003746 -2.20073509 2.04293728 -3.4216392 2.04293728 0.853698254 0 -0.520768106
FACE __mirrorClone_teleporter rooms 2.46869993 0 71.2960587 -2.46869993 4.93739986 71.2960587 -2.46869993 0 71.2960587 -2.07156253 2.04293728 -2.89446259 1.22003746 -2.89446259 2.04293728 0 0 -0.99999994
FACE __mirrorClone_teleporter rooms -4.93739986 0 66.0377197 -9.87479973 4.93739986 66.0377197 -9.87479973 0 66.0377197 -3.30591273 2.04293728 -4.12881231 1.22003746 -4.12881231 2.04293728 0 0 -0.99999994
FACE __mirrorClone_teleporter rooms -9.87479973 4.93739986 66.0377197 -12.3435001 0 66.0377197 -9.87479973 0 66.0377197 -4.12881231 1.22003746 -4.5402627 2.04293728 -4.12881231 2.04293728 0 0 -1
FACE __mirrorClone_teleporter rooms 17.8980751 0 85.787323 49.3740005 18.5152493 85.787323 17.8980751 18.5152493 85.787323 0.5 2.04293728 5.74598742 -1.0429374 0.5 -1.0429374 0 0 -1
FACE __mirrorClone_teleporter rooms::mirUV 17.8980751 0 72.8266525 17.8980751 18.5152493 85.787323 17.8980751 18.5152493 72.8266525 -4.07738161 2.04293728 -6.23749352 -1.0429374 -4.07738161 -1.0429374 0.99999994 0 0
FACE __mirrorClone_teleporter rooms 49.3740005 0 59.2488022 49.3740005 18.5152493 85.787323 49.3740005 0 85.787323 -1.81440663 2.04293728 -6.23749352 -1.0429374 -6.23749352 2.04293728 -1 0 0
FACE __mirrorClone_teleporter rooms 49.3740005 18.5152493 85.787323 17.8980751 0 85.787323 49.3740005 0 85.787323 5.74598742 -1.0429374 0.5 2.04293728 5.74598742 2.04293728 0 0 -1
FACE __mirrorClone_teleporter rooms::mirUV 17.8980751 18.5152493 85.787323 17.8980751 0 72.8266525 17.8980751 0 85.787323 -6.23749352 -1.0429374 -4.07738161 2.04293728 -6.23749352 2.04293728 0.99999994 0 0
FACE __mirrorClone_teleporter floor::mirUV 17.8980751 0 59.2488022 49.3740005 0 85.787323 17.8980751 0 85.787323 1.70900583 3.85491133 3.81106114 5.59415102 1.69857442 5.59702826 0 1 0
FACE Piramid.lwo:c127 rooms::mirUV -3.7030499 8.27014446 -5.55457497 -2.46869993 7.46781731 -4.93739986 2.46869993 7.46781731 -4.93739986 -3.10018754 0.664580047 -2.89446259 0.79830122 -2.07156253 0.79830122 -1.07912596e-10 -0.609710991 -0.792623758
FACE Piramid.lwo:c126 rooms::mirUV 3.7030499 8.27014446 -5.55457497 2.46869993 7.46781731 -4.93739986 2.46869993 4.99911785 -4.93739986 -1.86583757 0.664580047 -2.07156253 0.79830122 -2.07156253 1.20975113 -0.44721368 6.37823072e-10 -0.894427121
FACE Piramid.lwo:c126 rooms 2.46869993 7.46781731 -2.46869993 2.46869993 7.46781731 3.7030499 3.67337584 4.99911785 3.53382063 6.00314331 0.79830122 7.03176832 0.79830122 7.0035634 1.20975113 -0.898706436 -0.43855074 0
FACE Piramid.lwo:c126 rooms 3.67337584 4.99911785 -2.63978124 2.46869993 7.46781731 -2.46869993 3.67337584 4.99911785 3.53382063 5.97462988 1.20975113 6.00314331 0.79830122 7.0035634 1.20975113 -0.898706436 -0.43855074 0
FACE Piramid.lwo:c126 rooms 3.67337584 4.99911785 -2.63978124 2.46869993 4.99911785 -4.93739986 2.46869993 7.46781731 -4.93739986 5.97462988 1.20975113 5.5916934 1.20975113 5.5916934 0.79830122 -0.885647476 1.65269096e-08 0.4643583
FACE Piramid.lwo:c126 rooms 2.46869993 7.46781731 -4.93739986 2.46869993 7.46781731 -2.46869993 3.67337584 4.99911785 -2.63978124 5.5916934 0.79830122 6.00314331 0.79830122 5.97462988 1.20975113 -0.898706436 -0.43855074 0
FACE Piramid.lwo:c126 rooms 3.67337584 4.99911785 3.53382063 2.46869993 7.46781731 3.7030499 2.46869993 5.49285793 4.93739986 7.0035634 1.20975113 7.03176832 0.79830122 7.23749352 1.12746119 -0.769588828 -0.338425457 -0.541480601
FACE Piramid.lwo:c126 rooms 2.46869993 5.49285793 4.93739986 2.46869993 4.99911785 4.93739986 3.67337584 4.99911785 3.53382063 7.23749352 1.12746119 7.23749352 1.20975113 7.0035634 1.20975113 -0.758826911 -0 -0.651292443
FACE Piramid.lwo:c125 rooms::mirUV -2.46869993 4.99911785 -4.93739986 -2.46869993 7.46781731 -4.93739986 -3.7030499 8.27014446 -5.55457497 -2.89446259 1.20975113 -2.89446259 0.79830122 -3.10018754 0.664580047 0.44721368 0 -0.89442718
FACE Piramid.lwo:c125 rooms::mirUV -2.46869993 7.46781731 -4.93739986 -2.46869993 4.99911785 -4.93739986 -3.67337584 4.99911785 -2.63978124 5.5916934 0.79830122 5.5916934 1.20975113 5.97462988 1.20975113 0.885647476 0 0.4643583
FACE Piramid.lwo:c125 rooms::mirUV -3.67337584 4.99911785 -2.63978124 -2.46869993 7.46781731 -2.46869993 -2.46869993 7.46781731 -4.93739986 5.97462988 1.20975113 6.00314331 0.79830122 5.5916934 0.79830122 0.898706436 -0.4385508 0
FACE Piramid.lwo:c125 rooms::mirUV -2.46869993 7.46781731 -2.46869993 -3.67337584 4.99911785 -2.63978124 -3.67337584 4.99911785 3.53382063 6.00314331 0.79830122 5.97462988 1.20975113 7.0035634 1.20975113 0.898706377 -0.43855074 0
FACE Piramid.lwo:c125 rooms::mirUV -2.46869993 7.46781731 3.7030499 -2.46869993 7.46781731 -2.46869993 -3.67337584 4.99911785 3.53382063 7.03176832 0.79830122 6.00314331 0.79830122 7.0035634 1.20975113 0.898706436 -0.43855074 0
FACE Piramid.lwo:c125 rooms::mirUV -2.46869993 5.49285793 4.93739986 -2.46869993 7.46781731 3.7030499 -3.67337584 4.99911785 3.53382063 7.23749352 1.12746119 7.03176832 0.79830122 7.0035634 1.20975113 0.769588828 -0.338425457 -0.541480601
FACE Piramid.lwo:c125 rooms::mirUV -2.46869993 4.99911785 4.93739986 -2.46869993 5.49285793 4.93739986 -3.67337584 4.99911785 3.53382063 7.23749352 1.20975113 7.23749352 1.12746119 7.0035634 1.20975113 0.758826911 0 -0.651292443
FACE Piramid.lwo:c125 rooms::mirUV 2.46869993 4.99911785 4.93739986 2.46869993 5.49285793 4.93739986 -2.46869993 5.49285793 4.93739986 -2.07156253 1.20975113 -2.07156253 1.12746119 -2.89446259 1.12746119 0 0 -1
FACE Piramid.lwo:c125 rooms::mirUV -2.46869993 5.49285793 4.93739986 -2.46869993 4.99911785 4.93739986 2.46869993 4.99911785 4.93739986 -2.89446259 1.12746119 -2.89446259 1.20975113 -2.07156253 1.20975113 0 0 -1
FACE Piramid.lwo:c125 rooms::mirUV -2.46869993 7.46781731 3.7030499 -2.46869993 5.49285793 4.93739986 2.46869993 5.49285793 4.93739986 -2.89446259 0.79830122 -2.89446259 1.12746119 -2.07156253 1.12746119 -6.39086117e-09 -0.529999018 -0.847998202
FACE Piramid.lwo:c125 rooms::mirUV 2.46869993 5.49285793 4.93739986 2.46869993 7.46781731 3.7030499 -2.46869993 7.46781731 3.7030499 -2.07156253 1.12746119 -2.07156253 0.79830122 -2.89446259 0.79830122 -6.39086117e-09 -0.529999018 -0.847998202
FACE Piramid.lwo:c124 rooms::mirUV 2.46869993 4.99911785 -4.93739986 2.46869993 2.53041744 -4.93739986 3.7030499 0 -5.55457497 -2.07156253 1.20975113 -2.07156253 1.62120116 -1.86583757 2.04293728 -0.44721368 -0 -0.89442718
FACE Piramid.lwo:c124 rooms 3.67337584 4.99911785 -2.63978124 3.67337584 4.99911785 3.53382063 3.67337584 2.53041744 3.53382063 5.97462988 1.20975113 7.0035634 1.20975113 7.0035634 1.62120116 -1 0 0
FACE Piramid.lwo:c124 rooms 3.67337584 2.53041744 3.53382063 3.67337584 2.53041744 -2.63978124 3.67337584 4.99911785 -2.63978124 7.0035634 1.62120116 5.97462988 1.62120116 5.97462988 1.20975113 -1 0 0
FACE Piramid.lwo:c124 rooms 3.67337584 2.53041744 -2.63978124 2.46869993 2.53041744 -4.93739986 2.46869993 4.99911785 -4.93739986 5.97462988 1.62120116 5.5916934 1.62120116 5.5916934 1.20975113 -0.885647476 1.65269007e-08 0.46435827
FACE Piramid.lwo:c124 rooms 2.46869993 4.99911785 -4.93739986 3.67337584 4.99911785 -2.63978124 3.67337584 2.53041744 -2.63978124 5.5916934 1.20975113 5.97462988 1.20975113 5.97462988 1.62120116 -0.885647476 1.65269007e-08 0.46435827
FACE Piramid.lwo:c124 rooms 2.46869993 4.99911785 4.93739986 2.46869993 2.53041744 4.93739986 3.67337584 2.53041744 3.53382063 7.23749352 1.20975113 7.23749352 1.62120116 7.0035634 1.62120116 -0.758826852 -0 -0.651292384
FACE Piramid.lwo:c124 rooms 3.67337584 2.53041744 3.53382063 3.67337584 4.99911785 3.53382063 2.46869993 4.99911785 4.93739986 7.0035634 1.62120116 7.0035634 1.20975113 7.23749352 1.20975113 -0.758826852 0 -0.651292384
FACE Piramid.lwo:c123 rooms::mirUV -2.46869993 2.53041744 -4.93739986 -2.46869993 4.99911785 -4.93739986 -3.7030499 0 -5.55457497 -2.89446259 1.62120116 -2.89446259 1.20975113 -3.10018754 2.04293728 0.44721368 0 -0.89442718
FACE Piramid.lwo:c123 rooms::mirUV -3.67337584 2.53041744 3.53382063 -3.67337584 4.99911785 3.53382063 -3.67337584 4.99911785 -2.63978124 7.0035634 1.62120116 7.0035634 1.20975113 5.97462988 1.20975113 1 -0 0
FACE Piramid.lwo:c123 rooms::mirUV -3.67337584 4.99911785 -2.63978124 -3.67337584 2.53041744 -2.63978124 -3.67337584 2.53041744 3.53382063 5.97462988 1.20975113 5.97462988 1.62120116 7.0035634 1.62120116 1 0 0
FACE Piramid.lwo:c123 rooms::mirUV -3.67337584 4.99911785 -2.63978124 -2.46869993 4.99911785 -4.93739986 -2.46869993 2.53041744 -4.93739986 5.97462988 1.20975113 5.5916934 1.20975113 5.5916934 1.62120116 0.885647476 -1.65269007e-08 0.46435827
FACE Piramid.lwo:c123 rooms::mirUV -2.46869993 2.53041744 -4.93739986 -3.67337584 2.53041744 -2.63978124 -3.67337584 4.99911785 -2.63978124 5.5916934 1.62120116 5.97462988 1.62120116 5.97462988 1.20975113 0.885647476 -1.65269007e-08 0.46435827
FACE Piramid.lwo:c123 rooms::mirUV -3.67337584 4.99911785 3.53382063 -3.67337584 2.53041744 3.53382063 -2.46869993 2.53041744 4.93739986 7.0035634 1.20975113 7.0035634 1.62120116 7.23749352 1.62120116 0.758826852 0 -0.651292384
FACE Piramid.lwo:c123 rooms::mirUV -2.46869993 2.53041744 4.93739986 -2.46869993 4.99911785 4.93739986 -3.67337584 4.99911785 3.53382063 7.23749352 1.62120116 7.23749352 1.20975113 7.0035634 1.20975113 0.758826852 0 -0.651292384
FACE Piramid.lwo:c122 rooms::mirUV 2.46869993 2.53041744 -4.93739986 2.46869993 3.67864983e-09 -4.93739986 3.7030499 0 -5.55457497 -2.07156253 1.62120116 -2.07156253 2.04293728 -1.86583757 2.04293728 -0.44721362 -0 -0.894427121
FACE Piramid.lwo:c122 rooms 2.46869993 3.67864983e-09 -4.93739986 2.46869993 2.53041744 -4.93739986 3.67337584 2.53041744 -2.63978124 5.5916934 2.04293728 5.5916934 1.62120116 5.97462988 1.62120116 -0.885647416 0 0.464358211
FACE Piramid.lwo:c122 rooms 3.67337584 2.53041744 -2.63978124 2.46869993 3.67864983e-09 -2.46869993 2.46869993 3.67864983e-09 -4.93739986 5.97462988 1.62120116 6.00314331 2.04293728 5.5916934 2.04293728 -0.902899921 0.429850757 0
FACE Piramid.lwo:c122 rooms 3.67337584 2.53041744 3.53382063 2.46869993 3.67864983e-09 3.7030499 2.46869993 3.67864983e-09 -2.46869993 7.0035634 1.62120116 7.03176832 2.04293728 6.00314331 2.04293728 -0.902899981 0.429850757 0
FACE Piramid.lwo:c122 rooms 2.46869993 3.67864983e-09 -2.46869993 3.67337584 2.53041744 -2.63978124 3.67337584 2.53041744 3.53382063 6.00314331 2.04293728 5.97462988 1.62120116 7.0035634 1.62120116 -0.902899921 0.429850727 0
FACE Piramid.lwo:c122 rooms 2.46869993 2.53041744 4.93739986 2.46869993 3.67864983e-09 4.93739986 2.46869993 3.67864983e-09 3.7030499 7.23749352 1.62120116 7.23749352 2.04293728 7.03176832 2.04293728 -0.99999994 -0 0
FACE Piramid.lwo:c122 rooms 3.67337584 2.53041744 3.53382063 2.46869993 2.53041744 4.93739986 2.46869993 3.67864983e-09 3.7030499 7.0035634 1.62120116 7.23749352 1.62120116 7.03176832 2.04293728 -0.723205507 0.302789718 -0.620718956
FACE Piramid.lwo:c121 rooms::mirUV -2.46869993 3.67864983e-09 -4.93739986 -2.46869993 2.53041744 -4.93739986 -3.7030499 0 -5.55457497 -2.89446259 2.04293728 -2.89446259 1.62120116 -3.10018754 2.04293728 0.44721362 0 -0.894427121
FACE Piramid.lwo:c121 floor::mirUV 3.7030499 0 -5.55457497 2.46869993 3.67864983e-09 -4.93739986 -2.46869993 3.67864983e-09 -4.93739986 0.751844108 0.959863305 0.667856455 0.918842196 0.331779748 0.91891247 -2.69446127e-17 1 -5.96046368e-09
FACE Piramid.lwo:c121 rooms::mirUV -3.67337584 2.53041744 -2.63978124 -2.46869993 2.53041744 -4.93739986 -2.46869993 3.67864983e-09 -4.93739986 5.97462988 1.62120116 5.5916934 1.62120116 5.5916934 2.04293728 0.885647416 -1.61238081e-08 0.464358211
FACE Piramid.lwo:c121 rooms::mirUV -2.46869993 3.67864983e-09 -4.93739986 -2.46869993 3.67864983e-09 -2.46869993 -3.67337584 2.53041744 -2.63978124 5.5916934 2.04293728 6.00314331 2.04293728 5.97462988 1.62120116 0.902899921 0.429850727 -0
FACE Piramid.lwo:c121 rooms::mirUV -3.67337584 2.53041744 3.53382063 -3.67337584 2.53041744 -2.63978124 -2.46869993 3.67864983e-09 -2.46869993 7.0035634 1.62120116 5.97462988 1.62120116 6.00314331 2.04293728 0.902899981 0.429850727 0
FACE Piramid.lwo:c121 rooms::mirUV -3.67337584 2.53041744 3.53382063 -2.46869993 3.67864983e-09 -2.46869993 -2.46869993 3.67864983e-09 3.7030499 7.0035634 1.62120116 6.00314331 2.04293728 7.03176832 2.04293728 0.902899981 0.429850757 0
FACE Piramid.lwo:c121 floor::mirUV 2.46869993 3.67864983e-09 -2.46869993 2.46869993 3.67864983e-09 3.7030499 -2.46869993 3.67864983e-09 3.7030499 0.667952895 0.754472613 0.668177128 0.342986256 0.332094669 0.342933446 0 0.99999994 -0
FACE Piramid.lwo:c121 floor::mirUV -2.46869993 3.67864983e-09 3.7030499 -2.46869993 3.67864983e-09 -2.46869993 2.46869993 3.67864983e-09 -2.46869993 0.332094669 0.342933446 0.331866384 0.75450784 0.667952895 0.754472613 0 0.99999994 0
FACE Piramid.lwo:c121 floor::mirUV -2.46869993 3.67864983e-09 -2.46869993 -2.46869993 3.67864983e-09 -4.93739986 2.46869993 3.67864983e-09 -4.93739986 0.331866384 0.75450784 0.331779748 0.91891247 0.667856455 0.918842196 0 0.99999994 0
FACE Piramid.lwo:c121 floor::mirUV 2.46869993 3.67864983e-09 -4.93739986 2.46869993 3.67864983e-09 -2.46869993 -2.46869993 3.67864983e-09 -2.46869993 0.667856455 0.918842196 0.667952895 0.754472613 0.331866384 0.75450784 0 0.99999994 -0
FACE Piramid.lwo:c121 rooms::mirUV -2.46869993 2.53041744 4.93739986 -3.67337584 2.53041744 3.53382063 -2.46869993 3.67864983e-09 3.7030499 7.23749352 1.62120116 7.0035634 1.62120116 7.03176832 2.04293728 0.723205507 0.302789718 -0.620718956
FACE Piramid.lwo:c121 rooms::mirUV -2.46869993 3.67864983e-09 4.93739986 -2.46869993 2.53041744 4.93739986 -2.46869993 3.67864983e-09 3.7030499 7.23749352 2.04293728 7.23749352 1.62120116 7.03176832 2.04293728 0.99999994 -0 0
FACE Piramid.lwo:c121 floor::mirUV 2.46869993 3.67864983e-09 3.7030499 2.46869993 3.67864983e-09 4.93739986 -2.46869993 3.67864983e-09 4.93739986 0.668177128 0.342986256 0.668220222 0.26059249 0.332143515 0.260522217 0 0.99999994 -0
FACE Piramid.lwo:c121 floor::mirUV -2.46869993 3.67864983e-09 4.93739986 -2.46869993 3.67864983e-09 3.7030499 2.46869993 3.67864983e-09 3.7030499 0.332143515 0.260522217 0.332094669 0.342933446 0.668177128 0.342986256 0 0.99999994 0
FACE Piramid.lwo:c118 rooms::mirUV 3.7030499 8.27014446 -5.55457497 3.7030499 12.3435001 -5.55457497 -3.7030499 12.3435001 -5.55457497 -1.86583757 0.664580047 -1.86583757 -0.0143125653 -3.10018754 -0.0143125653 0 0 -0.99999994
FACE Piramid.lwo:c118 rooms::mirUV -3.7030499 12.3435001 -5.55457497 -3.7030499 8.27014446 -5.55457497 3.7030499 8.27014446 -5.55457497 -3.10018754 -0.0143125653 -3.10018754 0.664580047 -1.86583757 0.664580047 0 0 -0.99999994
FACE Piramid.lwo:c117 rooms 12.3435001 12.3435001 -18.5152493 12.3435001 12.3435001 -5.55457497 12.3435001 0 -5.55457497 3.32871842 -0.0143125653 5.48883104 -0.0143125653 5.48883104 2.04293728 -0.99999994 0 0
FACE Piramid.lwo:c116 rooms::mirUV 12.3435001 12.3435001 -5.55457497 3.7030499 12.3435001 -5.55457497 3.7030499 0 -5.55457497 -0.425762475 -0.0143125653 -1.86583757 -0.0143125653 -1.86583757 2.04293728 -0 0 -0.99999994
FACE Piramid.lwo:c115 rooms::mirUV 2.46869993 7.46781731 -4.93739986 3.7030499 8.27014446 -5.55457497 -3.7030499 8.27014446 -5.55457497 -2.07156253 0.79830122 -1.86583757 0.664580047 -3.10018754 0.664580047 -7.19417304e-11 -0.609710932 -0.792623758
FACE Piramid.lwo:c114 rooms::mirUV -12.3435001 12.3435001 -5.55457497 -12.3435001 12.3435001 -18.5152493 -12.3435001 0 -18.5152493 5.48883104 -0.0143125653 3.32871842 -0.0143125653 3.32871842 2.04293728 0.99999994 0 0
FACE Piramid.lwo:c114 rooms::mirUV -3.7030499 12.3435001 -5.55457497 -12.3435001 12.3435001 -5.55457497 -12.3435001 0 -5.55457497 -3.10018754 -0.0143125653 -4.5402627 -0.0143125653 -4.5402627 2.04293728 -0 0 -0.99999994
FACE Piramid.lwo:c113 rooms 12.3435001 0 -5.55457497 12.3435001 0 -18.5152493 12.3435001 12.3435001 -18.5152493 5.48883104 2.04293728 3.32871842 2.04293728 3.32871842 -0.0143125653 -0.99999994 0 0
FACE Piramid.lwo:c112 rooms::mirUV 3.7030499 0 -5.55457497 12.3435001 0 -5.55457497 12.3435001 12.3435001 -5.55457497 -1.86583757 2.04293728 -0.425762475 2.04293728 -0.425762475 -0.0143125653 0 0 -0.99999994
FACE Piramid.lwo:c112 rooms::mirUV 3.7030499 0 -5.55457497 3.7030499 8.27014446 -5.55457497 2.46869993 4.99911785 -4.93739986 -1.86583757 2.04293728 -1.86583757 0.664580047 -2.07156253 1.20975113 -0.44721368 0 -0.89442718
FACE Piramid.lwo:c111 rooms::mirUV -2.46869993 4.99911785 -4.93739986 -3.7030499 8.27014446 -5.55457497 -3.7030499 0 -5.55457497 -2.89446259 1.20975113 -3.10018754 0.664580047 -3.10018754 2.04293728 0.44721365 -1.90394922e-10 -0.89442718
FACE Piramid.lwo:c110 rooms::mirUV -12.3435001 0 -18.5152493 -12.3435001 0 -5.55457497 -12.3435001 12.3435001 -5.55457497 3.32871842 2.04293728 5.48883104 2.04293728 5.48883104 -0.0143125653 0.99999994 0 0
FACE Piramid.lwo:c110 rooms::mirUV -12.3435001 0 -5.55457497 -3.7030499 0 -5.55457497 -3.7030499 12.3435001 -5.55457497 -4.5402627 2.04293728 -3.10018754 2.04293728 -3.10018754 -0.0143125653 0 0 -0.99999994
FACE Piramid.lwo:c109 floor::mirUV 12.3435001 0 -18.5152493 12.3435001 0 -5.55457497 -12.3435001 0 -5.55457497 1.33865142 1.81953895 1.33977222 0.959152758 -0.340319604 0.959543884 0 0.99999994 -0
FACE Piramid.lwo:c108 floor::mirUV -12.3435001 0 -5.55457497 -12.3435001 0 -18.5152493 12.3435001 0 -18.5152493 -0.340319604 0.959543884 -0.340618134 1.82078135 1.33865142 1.81953895 0 0.99999994 0
FACE Piramid.lwo:c108 floor::mirUV -2.46869993 3.67864983e-09 -4.93739986 -3.7030499 0 -5.55457497 3.7030499 0 -5.55457497 0.331779748 0.91891247 0.247738495 0.95998168 0.751844108 0.959863305 -1.79630773e-17 1 -5.96046412e-09
FACE Piramid.lwo:c105 rooms 12.3435001 12.3435001 -24.6870003 12.3435001 12.3435001 -18.5152493 12.3435001 7.4060998 -18.5152493 2.30009317 -0.0143125653 3.32871842 -0.0143125653 3.32871842 0.808587432 -1 0 0
FACE Piramid.lwo:c103 rooms::mirUV -12.3435001 7.4060998 -18.5152493 -12.3435001 12.3435001 -18.5152493 -12.3435001 12.3435001 -24.6870003 3.32871842 0.808587432 3.32871842 -0.0143125653 2.30009317 -0.0143125653 1 -0 0
FACE Piramid.lwo:c102 rooms 12.3435001 7.4060998 -18.5152493 12.3435001 7.4060998 -24.6870003 12.3435001 12.3435001 -24.6870003 3.32871842 0.808587432 2.30009317 0.808587432 2.30009317 -0.0143125653 -1 0 0
FACE Piramid.lwo:c102 rooms 13.5778494 6.78892469 -24.0698261 12.3435001 7.4060998 -24.0698261 12.3435001 7.4060998 -19.1324253 -0.220037639 -1.40295565 -0.425762475 -1.40295565 -0.425762475 -2.22585583 -0.447213858 -0.894427001 0
FACE Piramid.lwo:c102 rooms 12.3435001 7.4060998 -19.1324253 13.5778494 6.78892469 -19.1324253 13.5778494 6.78892469 -24.0698261 -0.425762475 -2.22585583 -0.220037639 -2.22585583 -0.220037639 -1.40295565 -0.447213858 -0.894427001 0
FACE Piramid.lwo:c102 rooms 12.3435001 7.4060998 -19.1324253 12.3435001 7.4060998 -18.5152493 12.3435001 6.78892469 -18.5152493 3.22585583 0.808587432 3.32871842 0.808587432 3.32871842 0.911450028 -1 0 0
FACE Piramid.lwo:c102 rooms 12.3435001 6.78892469 -18.5152493 13.5778494 6.78892469 -19.1324253 12.3435001 7.4060998 -19.1324253 -0.425762475 -2.32871842 -0.220037639 -2.22585583 -0.425762475 -2.22585583 -0.33333376 -0.666667044 -0.666666031
FACE Piramid.lwo:c102 rooms 13.5778494 6.78892469 -24.0698261 12.3435001 6.78892469 -24.6870003 12.3435001 7.4060998 -24.6870003 -0.220037639 0.911450028 -0.425762475 0.911450028 -0.425762475 0.808587432 -0.447213352 8.34396019e-09 0.894427359
FACE Piramid.lwo:c102 rooms 12.3435001 7.4060998 -24.6870003 12.3435001 7.4060998 -24.0698261 13.5778494 6.78892469 -24.0698261 -0.425762475 -1.30009329 -0.425762475 -1.40295565 -0.220037639 -1.40295565 -0.447213858 -0.894427001 0
FACE Piramid.lwo:c100 rooms::mirUV -12.3435001 12.3435001 -24.6870003 -12.3435001 7.4060998 -24.6870003 -12.3435001 7.4060998 -18.5152493 2.30009317 -0.0143125653 2.30009317 0.808587432 3.32871842 0.808587432 1 0 0
FACE Piramid.lwo:c100 rooms -12.3435001 7.4060998 -19.1324253 -12.3435001 7.4060998 -24.0698261 -13.5778494 6.78892469 -24.0698261 -4.5402627 -2.22585583 -4.5402627 -1.40295565 -4.74598742 -1.40295565 0.447213858 -0.894427001 0
FACE Piramid.lwo:c100 rooms -13.5778494 6.78892469 -24.0698261 -13.5778494 6.78892469 -19.1324253 -12.3435001 7.4060998 -19.1324253 -4.74598742 -1.40295565 -4.74598742 -2.22585583 -4.5402627 -2.22585583 0.447213858 -0.894427001 0
FACE Piramid.lwo:c100 rooms::mirUV -13.5778494 6.78892469 -19.1324253 -12.3435001 6.78892469 -18.5152493 -12.3435001 7.4060998 -18.5152493 -4.74598742 0.911450028 -4.5402627 0.911450028 -4.5402627 0.808587432 0.447214395 -2.65887454e-08 -0.894426763
FACE Piramid.lwo:c100 rooms -12.3435001 7.4060998 -18.5152493 -12.3435001 7.4060998 -19.1324253 -13.5778494 6.78892469 -19.1324253 -4.5402627 -2.32871842 -4.5402627 -2.22585583 -4.74598742 -2.22585583 0.447213888 -0.894427061 0
FACE Piramid.lwo:c100 rooms -12.3435001 7.4060998 -24.6870003 -12.3435001 6.78892469 -24.6870003 -13.5778494 6.78892469 -24.0698261 -4.5402627 0.808587432 -4.5402627 0.911450028 -4.74598742 0.911450028 0.447213352 0 0.894427359
FACE Piramid.lwo:c100 rooms -13.5778494 6.78892469 -24.0698261 -12.3435001 7.4060998 -24.0698261 -12.3435001 7.4060998 -24.6870003 -4.74598742 -1.40295565 -4.5402627 -1.40295565 -4.5402627 -1.30009329 0.447213858 -0.894427001 0
FACE Piramid.lwo:c99 rooms 13.5778494 6.78892469 -24.0698261 13.5778494 6.78892469 -19.1324253 13.5778494 3.08587503 -19.1324253 2.40295553 0.911450028 3.22585583 0.911450028 3.22585583 1.52862489 -1 0 0
FACE Piramid.lwo:c99 rooms::mirUV 13.5778494 6.78892469 -19.1324253 12.3435001 6.78892469 -18.5152493 12.3435001 3.08587503 -18.5152493 -0.220037639 0.911450028 -0.425762475 0.911450028 -0.425762475 1.52862489 -0.447214395 4.43145876e-09 -0.894426763
FACE Piramid.lwo:c99 rooms 12.3435001 3.08587503 -24.6870003 12.3435001 6.78892469 -24.6870003 13.5778494 6.78892469 -24.0698261 -0.425762475 1.52862489 -0.425762475 0.911450028 -0.220037639 0.911450028 -0.447213322 0 0.894427299
FACE Piramid.lwo:c97 rooms::mirUV -13.5778494 3.08587503 -19.1324253 -13.5778494 6.78892469 -19.1324253 -13.5778494 6.78892469 -24.0698261 3.22585583 1.52862489 3.22585583 0.911450028 2.40295553 0.911450028 1 -0 0
FACE Piramid.lwo:c97 rooms::mirUV -12.3435001 6.78892469 -18.5152493 -13.5778494 6.78892469 -19.1324253 -13.5778494 3.08587503 -19.1324253 -4.5402627 0.911450028 -4.74598742 0.911450028 -4.74598742 1.52862489 0.447214395 -4.43145876e-09 -0.894426763
FACE Piramid.lwo:c97 rooms -13.5778494 6.78892469 -24.0698261 -12.3435001 6.78892469 -24.6870003 -12.3435001 3.08587503 -24.6870003 -4.74598742 0.911450028 -4.5402627 0.911450028 -4.5402627 1.52862489 0.447213322 -1.39066025e-09 0.894427299
FACE Piramid.lwo:c96 rooms 13.5778494 3.08587503 -19.1324253 13.5778494 3.08587503 -24.0698261 13.5778494 6.78892469 -24.0698261 3.22585583 1.52862489 2.40295553 1.52862489 2.40295553 0.911450028 -1 0 0
FACE Piramid.lwo:c96 rooms::mirUV 12.3435001 3.08587503 -18.5152493 13.5778494 3.08587503 -19.1324253 13.5778494 6.78892469 -19.1324253 -0.425762475 1.52862489 -0.220037639 1.52862489 -0.220037639 0.911450028 -0.447214395 4.43145876e-09 -0.894426763
FACE Piramid.lwo:c96 rooms::mirUV 12.3435001 2.46869993 -19.1324253 12.3435001 2.46869993 -24.0698261 13.5778494 3.08587503 -24.0698261 -0.425762475 -2.22585583 -0.425762475 -1.40295565 -0.220037639 -1.40295565 -0.447213858 0.894427001 0
FACE Piramid.lwo:c96 rooms::mirUV 13.5778494 3.08587503 -24.0698261 13.5778494 3.08587503 -19.1324253 12.3435001 2.46869993 -19.1324253 -0.220037639 -1.40295565 -0.220037639 -2.22585583 -0.425762475 -2.22585583 -0.447213858 0.894427001 0
FACE Piramid.lwo:c96 rooms::mirUV 13.5778494 3.08587503 -19.1324253 12.3435001 3.08587503 -18.5152493 12.3435001 2.46869993 -18.5152493 -0.220037639 1.52862489 -0.425762475 1.52862489 -0.425762475 1.63148749 -0.447214395 2.65887454e-08 -0.894426763
FACE Piramid.lwo:c96 rooms::mirUV 12.3435001 2.46869993 -18.5152493 12.3435001 2.46869993 -19.1324253 13.5778494 3.08587503 -19.1324253 -0.425762475 -2.32871842 -0.425762475 -2.22585583 -0.220037639 -2.22585583 -0.447213888 0.894427061 0
FACE Piramid.lwo:c96 rooms 13.5778494 6.78892469 -24.0698261 13.5778494 3.08587503 -24.0698261 12.3435001 3.08587503 -24.6870003 -0.220037639 0.911450028 -0.220037639 1.52862489 -0.425762475 1.52862489 -0.447213322 0 0.894427299
FACE Piramid.lwo:c96 rooms 12.3435001 2.46869993 -24.6870003 12.3435001 3.08587503 -24.6870003 13.5778494 3.08587503 -24.0698261 -0.425762475 1.63148749 -0.425762475 1.52862489 -0.220037639 1.52862489 -0.447213352 0 0.894427359
FACE Piramid.lwo:c96 rooms::mirUV 13.5778494 3.08587503 -24.0698261 12.3435001 2.46869993 -24.0698261 12.3435001 2.46869993 -24.6870003 -0.220037639 -1.40295565 -0.425762475 -1.40295565 -0.425762475 -1.30009329 -0.447213858 0.894427001 0
FACE Piramid.lwo:c94 rooms::mirUV -13.5778494 6.78892469 -24.0698261 -13.5778494 3.08587503 -24.0698261 -13.5778494 3.08587503 -19.1324253 2.40295553 0.911450028 2.40295553 1.52862489 3.22585583 1.52862489 1 0 0
FACE Piramid.lwo:c94 rooms::mirUV -13.5778494 3.08587503 -19.1324253 -12.3435001 3.08587503 -18.5152493 -12.3435001 6.78892469 -18.5152493 -4.74598742 1.52862489 -4.5402627 1.52862489 -4.5402627 0.911450028 0.447214395 -4.43145876e-09 -0.894426763
FACE Piramid.lwo:c94 rooms::mirUV -13.5778494 3.08587503 -24.0698261 -12.3435001 2.46869993 -24.0698261 -12.3435001 2.46869993 -19.1324253 -4.74598742 -1.40295565 -4.5402627 -1.40295565 -4.5402627 -2.22585583 0.447213858 0.894427001 0
FACE Piramid.lwo:c94 rooms::mirUV -12.3435001 2.46869993 -19.1324253 -13.5778494 3.08587503 -19.1324253 -13.5778494 3.08587503 -24.0698261 -4.5402627 -2.22585583 -4.74598742 -2.22585583 -4.74598742 -1.40295565 0.447213858 0.894427001 0
FACE Piramid.lwo:c94 rooms::mirUV -12.3435001 2.46869993 -19.1324253 -12.3435001 2.46869993 -18.5152493 -12.3435001 3.08587503 -18.5152493 3.22585583 1.63148749 3.32871842 1.63148749 3.32871842 1.52862489 1 0 0
FACE Piramid.lwo:c94 rooms::mirUV -12.3435001 3.08587503 -18.5152493 -13.5778494 3.08587503 -19.1324253 -12.3435001 2.46869993 -19.1324253 -4.5402627 -2.32871842 -4.74598742 -2.22585583 -4.5402627 -2.22585583 0.33333376 0.666667044 -0.666666031
FACE Piramid.lwo:c94 rooms -12.3435001 3.08587503 -24.6870003 -13.5778494 3.08587503 -24.0698261 -13.5778494 6.78892469 -24.0698261 -4.5402627 1.52862489 -4.74598742 1.52862489 -4.74598742 0.911450028 0.447213322 -1.39066025e-09 0.894427299
FACE Piramid.lwo:c94 rooms -13.5778494 3.08587503 -24.0698261 -12.3435001 3.08587503 -24.6870003 -12.3435001 2.46869993 -24.6870003 -4.74598742 1.52862489 -4.5402627 1.52862489 -4.5402627 1.63148749 0.447213352 -8.34396019e-09 0.894427359
FACE Piramid.lwo:c94 rooms::mirUV -12.3435001 2.46869993 -24.6870003 -12.3435001 2.46869993 -24.0698261 -13.5778494 3.08587503 -24.0698261 -4.5402627 -1.30009329 -4.5402627 -1.40295565 -4.74598742 -1.40295565 0.447213858 0.894427001 -0
FACE Piramid.lwo:c93 rooms 12.3435001 2.46869993 -18.5152493 12.3435001 0 -18.5152493 12.3435001 0 -24.6870003 3.32871842 1.63148749 3.32871842 2.04293728 2.30009317 2.04293728 -0.99999994 -0 0
FACE Piramid.lwo:c93 rooms 12.3435001 0 -24.6870003 12.3435001 2.46869993 -24.6870003 12.3435001 2.46869993 -18.5152493 2.30009317 2.04293728 2.30009317 1.63148749 3.32871842 1.63148749 -0.99999994 0 0
FACE Piramid.lwo:c92 floor::mirUV 12.3435001 0 -24.6870003 12.3435001 0 -18.5152493 -12.3435001 0 -18.5152493 1.33789551 2.22809339 1.33865142 1.81953895 -0.340618134 1.82078135 0 1 -0
FACE Piramid.lwo:c91 floor::mirUV -12.3435001 0 -18.5152493 -12.3435001 0 -24.6870003 12.3435001 0 -24.6870003 -0.340618134 1.82078135 -0.340678155 2.22968125 1.33789551 2.22809339 0 1 0
FACE Piramid.lwo:c90 rooms::mirUV -12.3435001 2.46869993 -24.6870003 -12.3435001 0 -24.6870003 -12.3435001 0 -18.5152493 2.30009317 1.63148749 2.30009317 2.04293728 3.32871842 2.04293728 0.99999994 0 0
FACE Piramid.lwo:c90 rooms::mirUV -12.3435001 0 -18.5152493 -12.3435001 2.46869993 -18.5152493 -12.3435001 2.46869993 -24.6870003 3.32871842 2.04293728 3.32871842 1.63148749 2.30009317 1.63148749 0.99999994 -0 0
FACE Piramid.lwo:c87 rooms 12.3435001 12.3435001 -37.0304985 12.3435001 12.3435001 -24.6870003 12.3435001 0 -24.6870003 0.242843628 -0.0143125653 2.30009317 -0.0143125653 2.30009317 2.04293728 -1 0 0
FACE Piramid.lwo:c86 rooms::mirUV -12.3435001 12.3435001 -24.6870003 -12.3435001 12.3435001 -37.0304985 -12.3435001 0 -37.0304985 2.30009317 -0.0143125653 0.242843628 -0.0143125653 0.242843628 2.04293728 1 0 0
FACE Piramid.lwo:c85 rooms 12.3435001 0 -24.6870003 12.3435001 0 -37.0304985 12.3435001 12.3435001 -37.0304985 2.30009317 2.04293728 0.242843628 2.04293728 0.242843628 -0.0143125653 -1 0 0
FACE Piramid.lwo:c84 rooms::mirUV -12.3435001 0 -37.0304985 -12.3435001 0 -24.6870003 -12.3435001 12.3435001 -24.6870003 0.242843628 2.04293728 2.30009317 2.04293728 2.30009317 -0.0143125653 1 0 0
FACE Piramid.lwo:c82 floor::mirUV 12.3435001 0 -37.0304985 12.3435001 0 -24.6870003 -12.3435001 0 -24.6870003 1.33588505 3.04316235 1.33789551 2.22809339 -0.340678155 2.22968125 0 1 -0
FACE Piramid.lwo:c81 floor::mirUV -12.3435001 0 -24.6870003 -12.3435001 0 -37.0304985 12.3435001 0 -37.0304985 -0.340678155 2.22968125 -0.34073481 3.04525638 1.33588505 3.04316235 0 1 0
FACE Piramid.lwo:c79 rooms 9.87479973 11.1091499 -37.0304985 9.87479973 12.3435001 -37.0304985 12.3435001 12.3435001 -37.0304985 -0.837212563 0.191412449 -0.837212563 -0.0143125653 -0.425762475 -0.0143125653 0 0 1
FACE Piramid.lwo:c78 rooms 9.87479973 12.3435001 -37.0304985 9.87479973 11.1091499 -37.0304985 4.93739986 12.3435001 -37.0304985 -0.837212563 -0.0143125653 -0.837212563 0.191412449 -1.66011262 -0.0143125653 0 0 1
FACE Piramid.lwo:c77 rooms 9.87479973 11.1091499 -37.0304985 12.3435001 12.3435001 -37.0304985 12.3435001 4.93739986 -37.0304985 -0.837212563 0.191412449 -0.425762475 -0.0143125653 -0.425762475 1.22003746 -0 0 1
FACE Piramid.lwo:c76 rooms 9.87479973 11.1091499 -37.0304985 4.93739986 8.64045048 -37.0304985 4.93739986 12.3435001 -37.0304985 -0.837212563 0.191412449 -1.66011262 0.602862358 -1.66011262 -0.0143125653 0 0 1
FACE Piramid.lwo:c76 rooms 4.93739986 8.64045048 -37.0304985 2.46869993 7.4060998 -37.0304985 2.46869993 12.3435001 -37.0304985 -1.66011262 0.602862358 -2.07156253 0.808587432 -2.07156253 -0.0143125653 0 0 0.99999994
FACE Piramid.lwo:c76 rooms 4.93739986 12.3435001 -37.0304985 4.93739986 8.64045048 -37.0304985 2.46869993 12.3435001 -37.0304985 -1.66011262 -0.0143125653 -1.66011262 0.602862358 -2.07156253 -0.0143125653 0 0 1
FACE Piramid.lwo:c75 rooms -4.93739986 4.93739986 -37.0304985 -4.93739986 12.3435001 -37.0304985 -2.46869993 12.3435001 -37.0304985 -3.30591273 1.22003746 -3.30591273 -0.0143125653 -2.89446259 -0.0143125653 0 0 1
FACE Piramid.lwo:c75 rooms 2.46869993 12.3435001 -37.0304985 2.46869993 7.4060998 -37.0304985 -2.46869993 12.3435001 -37.0304985 -2.07156253 -0.0143125653 -2.07156253 0.808587432 -2.89446259 -0.0143125653 0 0 0.99999994
FACE Piramid.lwo:c74 rooms -9.87479973 4.93739986 -37.0304985 -9.87479973 12.3435001 -37.0304985 -4.93739986 12.3435001 -37.0304985 -4.12881231 1.22003746 -4.12881231 -0.0143125653 -3.30591273 -0.0143125653 0 0 1
FACE Piramid.lwo:c74 rooms -12.3435001 4.93739986 -37.0304985 -12.3435001 12.3435001 -37.0304985 -9.87479973 12.3435001 -37.0304985 -4.5402627 1.22003746 -4.5402627 -0.0143125653 -4.12881231 -0.0143125653 0 0 1
FACE Piramid.lwo:c73 rooms 9.87479973 4.93739986 -37.0304985 9.87479973 11.1091499 -37.0304985 12.3435001 4.93739986 -37.0304985 -0.837212563 1.22003746 -0.837212563 0.191412449 -0.425762475 1.22003746 0 0 1
FACE Piramid.lwo:c72 rooms 4.93739986 8.64045048 -37.0304985 9.87479973 11.1091499 -37.0304985 9.87479973 4.93739986 -37.0304985 -1.66011262 0.602862358 -0.837212563 0.191412449 -0.837212563 1.22003746 -0 0 1
FACE Piramid.lwo:c72 rooms 2.46869993 7.4060998 -37.0304985 4.93739986 8.64045048 -37.0304985 4.93739986 4.93739986 -37.0304985 -2.07156253 0.808587432 -1.66011262 0.602862358 -1.66011262 1.22003746 -0 0 1
FACE Piramid.lwo:c71 rooms -2.46869993 12.3435001 -37.0304985 -2.46869993 4.93739986 -37.0304985 -4.93739986 4.93739986 -37.0304985 -2.89446259 -0.0143125653 -2.89446259 1.22003746 -3.30591273 1.22003746 0 0 1
FACE Piramid.lwo:c71 rooms 2.46869993 7.4060998 -37.0304985 -2.46869993 4.93739986 -37.0304985 -2.46869993 12.3435001 -37.0304985 -2.07156253 0.808587432 -2.89446259 1.22003746 -2.89446259 -0.0143125653 0 0 1
FACE Piramid.lwo:c70 rooms -4.93739986 12.3435001 -37.0304985 -4.93739986 4.93739986 -37.0304985 -9.87479973 4.93739986 -37.0304985 -3.30591273 -0.0143125653 -3.30591273 1.22003746 -4.12881231 1.22003746 0 0 1
FACE Piramid.lwo:c70 rooms -9.87479973 12.3435001 -37.0304985 -9.87479973 4.93739986 -37.0304985 -12.3435001 4.93739986 -37.0304985 -4.12881231 -0.0143125653 -4.12881231 1.22003746 -4.5402627 1.22003746 0 0 1
FACE Piramid.lwo:c69 rooms 4.93739986 4.93739986 -37.0304985 4.93739986 8.64045048 -37.0304985 9.87479973 4.93739986 -37.0304985 -1.66011262 1.22003746 -1.66011262 0.602862358 -0.837212563 1.22003746 0 0 1
FACE Piramid.lwo:c69 rooms 2.46869993 4.93739986 -37.0304985 2.46869993 7.4060998 -37.0304985 4.93739986 4.93739986 -37.0304985 -2.07156253 1.22003746 -2.07156253 0.808587432 -1.66011262 1.22003746 0 0 0.99999994
FACE Piramid.lwo:c68 rooms 2.46869993 4.93739986 -37.0304985 -2.46869993 4.93739986 -37.0304985 2.46869993 7.4060998 -37.0304985 -2.07156253 1.22003746 -2.89446259 1.22003746 -2.07156253 0.808587432 0 -0 0.99999994
FACE Piramid.lwo:c66 rooms 9.87479973 4.93739986 -37.0304985 12.3435001 4.93739986 -37.0304985 12.3435001 0 -37.0304985 -0.837212563 1.22003746 -0.425762475 1.22003746 -0.425762475 2.04293728 -0 0 1
FACE Piramid.lwo:c65 rooms 9.87479973 4.93739986 -49.3740005 9.87479973 4.93739986 -37.0304985 9.87479973 0 -37.0304985 -1.81440663 1.22003746 0.242843628 1.22003746 0.242843628 2.04293728 -0.99999994 0 0
FACE Piramid.lwo:c65 rooms 2.46869993 0 -37.0304985 2.46869993 4.93739986 -37.0304985 4.93739986 4.93739986 -37.0304985 -2.07156253 2.04293728 -2.07156253 1.22003746 -1.66011262 1.22003746 0 0 0.99999994
FACE Piramid.lwo:c64 rooms -4.93739986 0 -49.3740005 -4.93739986 4.93739986 -49.3740005 -4.93739986 4.93739986 -37.0304985 -1.81440663 2.04293728 -1.81440663 1.22003746 0.242843628 1.22003746 -0.99999994 0 0
FACE Piramid.lwo:c64 rooms -4.93739986 4.93739986 -37.0304985 -4.93739986 3.7030499 -37.0304985 -4.93739986 0 -49.3740005 0.242843628 1.22003746 0.242843628 1.42576241 -1.81440663 2.04293728 -0.99999994 -0 0
FACE Piramid.lwo:c64 rooms::mirUV -2.46869993 0 -37.0304985 -2.46869993 4.93739986 -37.0304985 -2.46869993 4.93739986 -61.421257 0.242843628 2.04293728 0.242843628 1.22003746 -3.82228279 1.22003746 1 -0 0
FACE Piramid.lwo:c64 rooms -4.93739986 4.93739986 -37.0304985 -2.46869993 4.93739986 -37.0304985 -4.93739986 3.7030499 -37.0304985 -3.30591273 1.22003746 -2.89446259 1.22003746 -3.30591273 1.42576241 -0 0 0.99999994
FACE Piramid.lwo:c64 rooms -4.93739986 3.7030499 -37.0304985 -2.46869993 4.93739986 -37.0304985 -2.46869993 0 -37.0304985 -3.30591273 1.42576241 -2.89446259 1.22003746 -2.89446259 2.04293728 -0 0 0.99999994
FACE Piramid.lwo:c63 rooms::mirUV -9.87479973 1.23434997 -37.0304985 -9.87479973 4.93739986 -37.0304985 -9.87479973 4.93739986 -49.3740005 0.242843628 1.83721244 0.242843628 1.22003746 -1.81440663 1.22003746 1 -0 0
FACE Piramid.lwo:c63 rooms -9.87479973 4.93739986 -37.0304985 -9.87479973 1.23434997 -37.0304985 -12.3435001 4.93739986 -37.0304985 -4.12881231 1.22003746 -4.12881231 1.83721244 -4.5402627 1.22003746 0 0 1
FACE Piramid.lwo:c62 rooms 12.3435001 0 -37.0304985 9.87479973 0 -37.0304985 9.87479973 4.93739986 -37.0304985 -0.425762475 2.04293728 -0.837212563 2.04293728 -0.837212563 1.22003746 0 0 1
FACE Piramid.lwo:c61 floor::mirUV 9.87479973 0 -49.3740005 9.87479973 0 -37.0304985 4.93739986 0 -37.0304985 1.16597319 3.85622144 1.16841722 3.0435493 0.833312571 3.044209 0 0.99999994 -0
FACE Piramid.lwo:c61 rooms::mirUV 5.51533461 0 -51.6919708 4.93739986 0 -37.0304985 4.93739986 4.93739986 -37.0304985 -2.20073509 2.04293728 0.242843628 2.04293728 0.242843628 1.22003746 0.999223948 -1.99076089e-09 0.0393880121
FACE Piramid.lwo:c61 rooms 9.87479973 0 -37.0304985 9.87479973 0 -49.3740005 9.87479973 4.93739986 -49.3740005 0.242843628 2.04293728 -1.81440663 2.04293728 -1.81440663 1.22003746 -0.99999994 0 0
FACE Piramid.lwo:c61 rooms 2.46869993 4.93739986 -37.0304985 2.46869993 0 -37.0304985 2.46869993 0 -61.421257 0.242843628 1.22003746 0.242843628 2.04293728 -3.82228279 2.04293728 -1 -0 0
FACE Piramid.lwo:c61 rooms 4.93739986 4.93739986 -37.0304985 4.93739986 0 -37.0304985 2.46869993 0 -37.0304985 -1.66011262 1.22003746 -1.66011262 2.04293728 -2.07156253 2.04293728 0 0 0.99999994
FACE Piramid.lwo:c60 rooms -4.93739986 3.7030499 -37.0304985 -4.93739986 0 -37.0304985 -4.93739986 0 -49.3740005 0.242843628 1.42576241 0.242843628 2.04293728 -1.81440663 2.04293728 -1 -0 0
FACE Piramid.lwo:c60 floor::mirUV 2.46869993 0 -37.0304985 -2.46869993 0 -37.0304985 -2.46869993 0 -61.421257 0.665686369 3.04448056 0.330314845 3.04490399 0.327820957 4.64875174 0 1 0
FACE Piramid.lwo:c60 rooms -4.93739986 0 -37.0304985 -4.93739986 3.7030499 -37.0304985 -2.46869993 0 -37.0304985 -3.30591273 2.04293728 -3.30591273 1.42576241 -2.89446259 2.04293728 0 0 1
FACE Piramid.lwo:c59 rooms::mirUV -9.87479973 4.93739986 -49.3740005 -9.87479973 0 -49.3740005 -9.87479973 0 -37.0304985 -1.81440663 1.22003746 -1.81440663 2.04293728 0.242843628 2.04293728 0.99999994 0 0
FACE Piramid.lwo:c59 rooms::mirUV -9.87479973 0 -37.0304985 -9.87479973 1.23434997 -37.0304985 -9.87479973 4.93739986 -49.3740005 0.242843628 2.04293728 0.242843628 1.83721244 -1.81440663 1.22003746 0.99999994 -0 0
FACE Piramid.lwo:c59 floor::mirUV -9.87479973 0 -49.3740005 -4.93739986 0 -49.3740005 -4.93739986 0 -37.0304985 -0.173264712 3.85805392 0.161791608 3.85779476 0.162581459 3.04505467 0 0.99999994 0
FACE Piramid.lwo:c59 floor::mirUV -4.93739986 0 -37.0304985 -9.87479973 0 -37.0304985 -9.87479973 0 -49.3740005 0.162581459 3.04505467 -0.172949716 3.04523134 -0.173264712 3.85805392 0 0.99999994 0
FACE Piramid.lwo:c59 rooms -9.87479973 1.23434997 -37.0304985 -12.3435001 0 -37.0304985 -12.3435001 4.93739986 -37.0304985 -4.12881231 1.83721244 -4.5402627 2.04293728 -4.5402627 1.22003746 0 0 1
FACE Piramid.lwo:c59 rooms -9.87479973 1.23434997 -37.0304985 -9.87479973 0 -37.0304985 -12.3435001 0 -37.0304985 -4.12881231 1.83721244 -4.12881231 2.04293728 -4.5402627 2.04293728 0 0 1
FACE Piramid.lwo:c57 rooms::mirUV 49.3740005 0 -49.3740005 49.3740005 18.5152493 -49.3740005 17.8980751 18.5152493 -49.3740005 5.74598742 2.04293728 5.74598742 -1.0429374 0.5 -1.0429374 0 0 -1
FACE Piramid.lwo:c55 rooms::mirUV 17.8980751 0 -49.3740005 17.8980751 18.5152493 -49.3740005 17.8980751 18.5152493 -58.0144501 -1.81440663 2.04293728 -1.81440663 -1.0429374 -3.25448155 -1.0429374 1 -0 0
FACE Piramid.lwo:c51 rooms::mirUV 17.8980751 18.5152493 -49.3740005 17.8980751 0 -49.3740005 49.3740005 0 -49.3740005 0.5 -1.0429374 0.5 2.04293728 5.74598742 2.04293728 0 0 -1
FACE Piramid.lwo:c50 rooms::mirUV 17.8980751 18.5152493 -58.0144501 17.8980751 0 -58.0144501 17.8980751 0 -49.3740005 -3.25448155 -1.0429374 -3.25448155 2.04293728 -1.81440663 2.04293728 1 0 0
FACE Piramid.lwo:c48 rooms -4.93739986 6.17175007 -56.1629219 -4.93739986 6.17175007 -49.3740005 -4.93739986 4.93739986 -49.3740005 -2.94589353 1.01431251 -1.81440663 1.01431251 -1.81440663 1.22003746 -1 0 0
FACE Piramid.lwo:c48 rooms -4.93739986 4.93739986 -49.3740005 -4.93739986 4.93739986 -56.1629219 -4.93739986 6.17175007 -56.1629219 -1.81440663 1.22003746 -2.94589353 1.22003746 -2.94589353 1.01431251 -1 0 0
FACE Piramid.lwo:c47 rooms::mirUV -9.87479973 4.93739986 -49.3740005 -4.93739986 4.93739986 -49.3740005 -4.93739986 6.17175007 -49.3740005 -4.12881231 1.22003746 -3.30591273 1.22003746 -3.30591273 1.01431251 0 0 -1
FACE Piramid.lwo:c47 rooms::mirUV -4.93739986 6.17175007 -49.3740005 -9.87479973 6.17175007 -49.3740005 -9.87479973 4.93739986 -49.3740005 -3.30591273 1.01431251 -4.12881231 1.01431251 -4.12881231 1.22003746 -0 0 -1
FACE Piramid.lwo:c47 rooms::mirUV -12.3435001 6.17175007 -49.3740005 -12.3435001 4.93739986 -49.3740005 -9.87479973 4.93739986 -49.3740005 -4.5402627 1.01431251 -4.5402627 1.22003746 -4.12881231 1.22003746 0 0 -1
FACE Piramid.lwo:c47 rooms::mirUV -9.87479973 4.93739986 -49.3740005 -9.87479973 6.17175007 -49.3740005 -12.3435001 6.17175007 -49.3740005 -4.12881231 1.22003746 -4.12881231 1.01431251 -4.5402627 1.01431251 0 0 -1
FACE Piramid.lwo:c47 rooms::mirUV -12.3435001 4.93739986 -49.3740005 -12.3435001 6.17175007 -49.3740005 -12.3435001 6.17175007 -56.1629219 -1.81440663 1.22003746 -1.81440663 1.01431251 -2.94589353 1.01431251 1 -0 0
FACE Piramid.lwo:c47 rooms::mirUV -12.3435001 6.17175007 -56.1629219 -12.3435001 4.93739986 -56.1629219 -12.3435001 4.93739986 -49.3740005 -2.94589353 1.01431251 -2.94589353 1.22003746 -1.81440663 1.22003746 1 0 0
FACE Piramid.lwo:c44 rooms 12.7449055 0 -54.9241066 12.7449055 4.93739986 -54.9241066 9.87479973 4.93739986 -49.3740005 -2.73942447 2.04293728 -2.73942447 1.22003746 -1.81440663 1.22003746 -0.888259411 0 -0.459342271
FACE Piramid.lwo:c43 rooms::mirUV 5.51533461 0 -51.6919708 5.51533461 4.93739986 -51.6919708 9.98394775 4.93739986 -59.017395 -2.20073509 2.04293728 -2.20073509 1.22003746 -3.4216392 1.22003746 0.853698254 -0 0.520768106
FACE Piramid.lwo:c43 rooms::mirUV 4.93739986 4.93739986 -37.0304985 5.51533461 4.93739986 -51.6919708 5.51533461 0 -51.6919708 0.242843628 1.22003746 -2.20073509 1.22003746 -2.20073509 2.04293728 0.999223948 -1.99076089e-09 0.0393880121
FACE Piramid.lwo:c43 rooms 2.46869993 0 -61.421257 2.46869993 4.93739986 -61.421257 2.46869993 4.93739986 -37.0304985 -3.82228279 2.04293728 -3.82228279 1.22003746 0.242843628 1.22003746 -1 0 0
FACE Piramid.lwo:c42 rooms -4.93739986 4.93739986 -56.1629219 -4.93739986 4.93739986 -49.3740005 -4.93739986 0 -49.3740005 -2.94589353 1.22003746 -1.81440663 1.22003746 -1.81440663 2.04293728 -1 0 0
FACE Piramid.lwo:c41 rooms::mirUV -9.87479973 0 -49.3740005 -9.87479973 4.93739986 -49.3740005 -12.3435001 4.93739986 -49.3740005 -4.12881231 2.04293728 -4.12881231 1.22003746 -4.5402627 1.22003746 0 0 -1
FACE Piramid.lwo:c41 rooms::mirUV -12.3435001 4.93739986 -49.3740005 -12.3435001 4.93739986 -56.1629219 -12.3435001 0 -56.1629219 -1.81440663 1.22003746 -2.94589353 1.22003746 -2.94589353 2.04293728 1 0 0
FACE Piramid.lwo:c38 rooms 9.87479973 4.93739986 -49.3740005 9.87479973 0 -49.3740005 12.7449055 0 -54.9241066 -1.81440663 1.22003746 -1.81440663 2.04293728 -2.73942447 2.04293728 -0.888259411 -0 -0.459342271
FACE Piramid.lwo:c37 floor::mirUV 5.51533461 0 -51.6919708 9.98394775 0 -59.017395 12.7449055 0 -54.9241066 0.870189428 4.00917244 1.17092979 4.48973703 1.35879791 4.22055912 0 1 0
FACE Piramid.lwo:c37 floor::mirUV 9.87479973 0 -49.3740005 5.51533461 0 -51.6919708 12.7449055 0 -54.9241066 1.16597319 3.85622144 0.870189428 4.00917244 1.35879791 4.22055912 0 1 0
FACE Piramid.lwo:c37 floor::mirUV 4.93739986 0 -37.0304985 5.51533461 0 -51.6919708 9.87479973 0 -49.3740005 0.833312571 3.044209 0.870189428 4.00917244 1.16597319 3.85622144 0 1 0
FACE Piramid.lwo:c36 rooms -4.93739986 0 -49.3740005 -4.93739986 0 -56.1629219 -4.93739986 4.93739986 -56.1629219 -1.81440663 2.04293728 -2.94589353 2.04293728 -2.94589353 1.22003746 -1 0 0
FACE Piramid.lwo:c36 floor::mirUV -2.46869993 0 -61.421257 2.46869993 0 -61.421257 2.46869993 0 -37.0304985 0.327820957 4.64875174 0.66201359 4.6483283 0.665686369 3.04448056 0 1 0
FACE Piramid.lwo:c36 rooms::mirUV -2.46869993 4.93739986 -61.421257 -2.46869993 0 -61.421257 -2.46869993 0 -37.0304985 -3.82228279 1.22003746 -3.82228279 2.04293728 0.242843628 2.04293728 1 0 0
FACE Piramid.lwo:c35 rooms::mirUV -12.3435001 4.93739986 -49.3740005 -12.3435001 0 -49.3740005 -9.87479973 0 -49.3740005 -4.5402627 1.22003746 -4.5402627 2.04293728 -4.12881231 2.04293728 0 0 -1
FACE Piramid.lwo:c35 floor::mirUV -12.3435001 0 -49.3740005 -12.3435001 0 -56.1629219 -9.87479973 0 -56.1629219 -0.340829551 3.85813069 -0.340948701 4.30420923 -0.173535571 4.3041172 0 1 0
FACE Piramid.lwo:c35 floor::mirUV -9.87479973 0 -56.1629219 -9.87479973 0 -49.3740005 -12.3435001 0 -49.3740005 -0.173535571 4.3041172 -0.173264712 3.85805392 -0.340829551 3.85813069 0 1 -0
FACE Piramid.lwo:c35 floor::mirUV -4.93739986 0 -56.1629219 -4.93739986 0 -49.3740005 -9.87479973 0 -49.3740005 0.161200464 4.30384159 0.161791608 3.85779476 -0.173264712 3.85805392 0 1 -0
FACE Piramid.lwo:c35 floor::mirUV -9.87479973 0 -49.3740005 -9.87479973 0 -56.1629219 -4.93739986 0 -56.1629219 -0.173264712 3.85805392 -0.173535571 4.3041172 0.161200464 4.30384159 0 1 0
FACE Piramid.lwo:c35 rooms::mirUV -12.3435001 0 -56.1629219 -12.3435001 0 -49.3740005 -12.3435001 4.93739986 -49.3740005 -2.94589353 2.04293728 -1.81440663 2.04293728 -1.81440663 1.22003746 1 0 0
FACE Piramid.lwo:c32 rooms::mirUV 17.8980751 4.93739986 -58.0144501 17.8980751 18.5152493 -58.0144501 17.8980751 18.5152493 -62.9518509 -3.25448155 1.22003746 -3.25448155 -1.0429374 -4.07738161 -1.0429374 1 -0 0
FACE Piramid.lwo:c31 rooms 49.3740005 18.5152493 -75.9125214 49.3740005 18.5152493 -49.3740005 49.3740005 0 -49.3740005 -6.23749352 -1.0429374 -1.81440663 -1.0429374 -1.81440663 2.04293728 -1 0 0
FACE Piramid.lwo:c30 rooms::mirUV 17.8980751 18.5152493 -62.9518509 17.8980751 4.93739986 -62.9518509 17.8980751 4.93739986 -58.0144501 -4.07738161 -1.0429374 -4.07738161 1.22003746 -3.25448155 1.22003746 1 0 0
FACE Piramid.lwo:c26 rooms -4.93739986 6.17175007 -56.1629219 -4.93739986 4.93739986 -56.1629219 -9.87479973 4.93739986 -56.1629219 -3.30591273 1.01431251 -3.30591273 1.22003746 -4.12881231 1.22003746 0 0 1
FACE Piramid.lwo:c26 rooms -9.87479973 4.93739986 -56.1629219 -9.87479973 6.17175007 -56.1629219 -4.93739986 6.17175007 -56.1629219 -4.12881231 1.22003746 -4.12881231 1.01431251 -3.30591273 1.01431251 0 0 1
FACE Piramid.lwo:c26 rooms -12.3435001 4.93739986 -56.1629219 -12.3435001 6.17175007 -56.1629219 -9.87479973 6.17175007 -56.1629219 -4.5402627 1.22003746 -4.5402627 1.01431251 -4.12881231 1.01431251 0 0 1
FACE Piramid.lwo:c26 rooms -9.87479973 6.17175007 -56.1629219 -9.87479973 4.93739986 -56.1629219 -12.3435001 4.93739986 -56.1629219 -4.12881231 1.01431251 -4.12881231 1.22003746 -4.5402627 1.22003746 0 0 1
FACE Piramid.lwo:c24 rooms 9.98394775 4.93739986 -59.017395 17.8980751 4.93739986 -62.9518509 17.8980751 0 -62.9518509 -0.819021225 1.22003746 0.5 1.22003746 0.5 2.04293728 0.445166051 -3.15797877e-09 0.895448029
FACE Piramid.lwo:c24 rooms::mirUV 17.8980751 4.93739986 -58.0144501 12.7449055 4.93739986 -54.9241066 12.7449055 0 -54.9241066 0.5 1.22003746 -0.358861625 1.22003746 -0.358861625 2.04293728 -0.514305055 2.10790851e-09 -0.857607305
FACE Piramid.lwo:c23 rooms -2.46869993 4.93739986 -61.421257 2.46869993 4.93739986 -61.421257 2.46869993 0 -61.421257 -2.89446259 1.22003746 -2.07156253 1.22003746 -2.07156253 2.04293728 -0 0 0.99999994
FACE Piramid.lwo:c22 rooms -9.87479973 4.93739986 -56.1629219 -4.93739986 4.93739986 -56.1629219 -4.93739986 0 -56.1629219 -4.12881231 1.22003746 -3.30591273 1.22003746 -3.30591273 2.04293728 -0 0 0.99999994
FACE Piramid.lwo:c22 rooms -12.3435001 0 -56.1629219 -12.3435001 4.93739986 -56.1629219 -9.87479973 4.93739986 -56.1629219 -4.5402627 2.04293728 -4.5402627 1.22003746 -4.12881231 1.22003746 0 0 1
FACE Piramid.lwo:c20 floor::mirUV 49.3740005 0 -75.9125214 49.3740005 0 -49.3740005 17.8980751 0 -49.3740005 3.81106114 5.59415102 3.83063674 3.84728122 1.70900583 3.85491133 0 1 -0
FACE Piramid.lwo:c19 floor::mirUV 9.98394775 0 -59.017395 17.8980751 0 -62.9518509 17.8980751 0 -58.0144501 1.17092979 4.48973703 1.70418382 4.74690247 1.70606351 4.42274523 -0 1 0
FACE Piramid.lwo:c19 floor::mirUV 17.8980751 0 -58.0144501 12.7449055 0 -54.9241066 9.98394775 0 -59.017395 1.70606351 4.42274523 1.35879791 4.22055912 1.17092979 4.48973703 0 1 0
FACE Piramid.lwo:c19 rooms 17.8980751 0 -62.9518509 9.98394775 0 -59.017395 9.98394775 4.93739986 -59.017395 0.5 2.04293728 -0.819021225 2.04293728 -0.819021225 1.22003746 0.445166051 -3.15797877e-09 0.895448029
FACE Piramid.lwo:c19 rooms::mirUV 12.7449055 0 -54.9241066 17.8980751 0 -58.0144501 17.8980751 4.93739986 -58.0144501 -0.358861625 2.04293728 0.5 2.04293728 0.5 1.22003746 -0.514305055 2.10790851e-09 -0.857607305
FACE Piramid.lwo:c18 rooms::mirUV 9.98394775 4.93739986 -59.017395 9.98394775 0 -59.017395 5.51533461 0 -51.6919708 -3.4216392 1.22003746 -3.4216392 2.04293728 -2.20073509 2.04293728 0.853698254 0 0.520768106
FACE Piramid.lwo:c17 rooms 2.46869993 0 -61.421257 -2.46869993 0 -61.421257 -2.46869993 4.93739986 -61.421257 -2.07156253 2.04293728 -2.89446259 2.04293728 -2.89446259 1.22003746 0 0 0.99999994
FACE Piramid.lwo:c16 rooms -4.93739986 0 -56.1629219 -9.87479973 0 -56.1629219 -9.87479973 4.93739986 -56.1629219 -3.30591273 2.04293728 -4.12881231 2.04293728 -4.12881231 1.22003746 0 0 0.99999994
FACE Piramid.lwo:c16 rooms -9.87479973 4.93739986 -56.1629219 -9.87479973 0 -56.1629219 -12.3435001 0 -56.1629219 -4.12881231 1.22003746 -4.12881231 2.04293728 -4.5402627 2.04293728 0 0 1
FACE Piramid.lwo:c12 rooms 17.8980751 0 -75.9125214 17.8980751 18.5152493 -75.9125214 49.3740005 18.5152493 -75.9125214 0.5 2.04293728 0.5 -1.0429374 5.74598742 -1.0429374 0 0 1
FACE Piramid.lwo:c11 rooms::mirUV 17.8980751 0 -62.9518509 17.8980751 18.5152493 -62.9518509 17.8980751 18.5152493 -75.9125214 -4.07738161 2.04293728 -4.07738161 -1.0429374 -6.23749352 -1.0429374 0.99999994 -0 0
FACE Piramid.lwo:c7 rooms 49.3740005 0 -49.3740005 49.3740005 0 -75.9125214 49.3740005 18.5152493 -75.9125214 -1.81440663 2.04293728 -6.23749352 2.04293728 -6.23749352 -1.0429374 -1 0 0
FACE Piramid.lwo:c6 rooms 49.3740005 18.5152493 -75.9125214 49.3740005 0 -75.9125214 17.8980751 0 -75.9125214 5.74598742 -1.0429374 5.74598742 2.04293728 0.5 2.04293728 0 0 1
FACE Piramid.lwo:c5 rooms::mirUV 17.8980751 18.5152493 -75.9125214 17.8980751 0 -75.9125214 17.8980751 0 -62.9518509 -6.23749352 -1.0429374 -6.23749352 2.04293728 -4.07738161 2.04293728 0.99999994 0 0
FACE Piramid.lwo:c0 floor::mirUV 17.8980751 0 -49.3740005 17.8980751 0 -75.9125214 49.3740005 0 -75.9125214 1.70900583 3.85491133 1.69857442 5.59702826 3.81106114 5.59415102 0 1 0
